id,b_low,b_high,ela,phi,pseudo_plastic_q,sia_e,temp_ela,lapse_rate
0,-2.092047702485524,3.7325449280622323,1369.2673851792558,35.0,0.5,1.0,-10,-6
1,-5.110768885454347,2.2330964699349938,1079.9484051085701,35.0,0.5,1.0,-10,-6
2,-4.579356580311955,2.2016957351007376,1026.999432960679,35.0,0.5,1.0,-10,-6
3,-4.600476662848045,2.595252029478286,785.5445214698977,35.0,0.5,1.0,-10,-6
4,-5.44771783258459,3.741496897847854,1188.7147505205503,35.0,0.5,1.0,-10,-6
5,-3.157834700117709,2.106400832172448,1318.274905113187,35.0,0.5,1.0,-10,-6
6,-5.001271765608003,4.692960003173418,1377.2368169051717,35.0,0.5,1.0,-10,-6
7,-3.9975745146506347,2.1724425669803464,1007.761579827763,35.0,0.5,1.0,-10,-6
8,-4.985277219275307,2.886701134700523,1245.7571539118012,35.0,0.5,1.0,-10,-6
9,-4.0955301653904765,2.2980248460822725,903.0864969701341,35.0,0.5,1.0,-10,-6
10,-5.669742528745605,3.288289846066221,1571.5758569896159,35.0,0.5,1.0,-10,-6
11,-4.033495727332341,1.871401137015,1315.4608228869415,35.0,0.5,1.0,-10,-6
12,-2.685616411668608,4.75289473784115,788.7856591186055,35.0,0.5,1.0,-10,-6
13,-4.51805653161983,3.512003490779977,893.3482013352696,35.0,0.5,1.0,-10,-6
14,-5.970802675657232,3.418567089700217,1509.6586480169667,35.0,0.5,1.0,-10,-6
15,-4.04769569023651,1.1345388895636463,968.1997832547474,35.0,0.5,1.0,-10,-6
16,-3.075522159884118,3.452069213154566,835.5970123266654,35.0,0.5,1.0,-10,-6
17,-2.606341186407215,4.900417297572396,1557.6258521181119,35.0,0.5,1.0,-10,-6
18,-4.6868788386626035,2.5610290986510558,940.2910954446949,35.0,0.5,1.0,-10,-6
19,-2.493666263471784,1.8199563693352163,935.3575616540031,35.0,0.5,1.0,-10,-6
20,-4.636271188472221,2.9885621887644724,1373.0342323432699,35.0,0.5,1.0,-10,-6
21,-5.403922273175523,1.26184993656062,1222.8510011344251,35.0,0.5,1.0,-10,-6
22,-5.930189024348191,3.473934863651457,976.3325450642656,35.0,0.5,1.0,-10,-6
23,-3.657776603073449,1.5995191525375874,1167.419369892921,35.0,0.5,1.0,-10,-6
24,-2.0748911013247624,1.0986310325872601,1412.1859308840176,35.0,0.5,1.0,-10,-6
25,-4.476835056667795,3.712643759309936,1519.9275677367204,35.0,0.5,1.0,-10,-6
26,-3.4435258460733116,4.066371793953028,1500.336461852317,35.0,0.5,1.0,-10,-6
27,-3.087363925667516,1.8372975555649105,1101.8489180382494,35.0,0.5,1.0,-10,-6
28,-2.884322068721358,3.9799166410846407,781.6138474967042,35.0,0.5,1.0,-10,-6
29,-2.7356773681021767,2.459636559739192,1022.4382649574093,35.0,0.5,1.0,-10,-6
30,-4.105128496906218,4.318240612374643,839.5128452836989,35.0,0.5,1.0,-10,-6
31,-5.673168598083568,4.36909759963072,796.6770490911397,35.0,0.5,1.0,-10,-6
32,-2.5478973677942234,2.831876162870311,1265.825851977884,35.0,0.5,1.0,-10,-6
33,-2.8885792527429133,2.0814066222021985,1107.735973447698,35.0,0.5,1.0,-10,-6
34,-2.7181637160972087,3.797065720208868,1403.2554934691043,35.0,0.5,1.0,-10,-6
35,-5.090498199864406,1.1210841201948425,1177.1340151755871,35.0,0.5,1.0,-10,-6
36,-5.965137949856599,1.8578231335579498,1048.8960819492538,35.0,0.5,1.0,-10,-6
37,-3.009942599651514,2.5093210343010846,1333.950624548041,35.0,0.5,1.0,-10,-6
38,-2.614618756600658,1.407814068839642,1195.7443257637387,35.0,0.5,1.0,-10,-6
39,-3.2643389216032555,2.2917054104622556,1322.8670483314204,35.0,0.5,1.0,-10,-6
40,-5.748962877082636,2.314807204623957,861.5329361847155,35.0,0.5,1.0,-10,-6
41,-3.1753847512135582,4.810889103725415,970.907689036195,35.0,0.5,1.0,-10,-6
42,-3.948910975324988,2.4143269716241487,838.2534526867485,35.0,0.5,1.0,-10,-6
43,-2.8429541056529546,4.834896175191924,768.3697265265665,35.0,0.5,1.0,-10,-6
44,-4.765365855384929,4.239913777728893,806.0576696279663,35.0,0.5,1.0,-10,-6
45,-2.4975297066777244,3.073958792482056,1194.8078887402517,35.0,0.5,1.0,-10,-6
46,-3.2877245817528933,1.0016543747510571,1375.0413274518155,35.0,0.5,1.0,-10,-6
47,-5.490691941499355,3.824764208347331,1010.1751705612082,35.0,0.5,1.0,-10,-6
48,-5.642858380250048,1.7782662151314188,973.6151905897466,35.0,0.5,1.0,-10,-6
49,-5.841451024108637,4.04541875559581,1574.4517676526116,35.0,0.5,1.0,-10,-6
50,-3.325604924218274,2.327662574264549,1174.740003181776,35.0,0.5,1.0,-10,-6
51,-4.154002284962133,1.391967026810827,1591.2135250536667,35.0,0.5,1.0,-10,-6
52,-4.2285739700378855,4.816026627169618,727.8330660461132,35.0,0.5,1.0,-10,-6
53,-2.2953261947966985,1.1550915059279434,1247.4368722840002,35.0,0.5,1.0,-10,-6
54,-2.348190659326619,2.345505436514535,1470.4735964185725,35.0,0.5,1.0,-10,-6
55,-4.6415825522377805,4.531108863395739,1437.2158025229403,35.0,0.5,1.0,-10,-6
56,-3.016187205821897,4.004177329624532,951.8031988645427,35.0,0.5,1.0,-10,-6
57,-3.9904779415428546,4.800338999671228,764.9572460920723,35.0,0.5,1.0,-10,-6
58,-5.565462164198931,1.1788868035764166,1397.476845580868,35.0,0.5,1.0,-10,-6
59,-3.044018925486058,3.936973304808594,1407.3028854162148,35.0,0.5,1.0,-10,-6
60,-3.796528395923251,1.033193673508338,1284.1772115399795,35.0,0.5,1.0,-10,-6
61,-3.093876703936187,2.803211339248599,1147.165425199239,35.0,0.5,1.0,-10,-6
62,-5.244312791395843,2.9615044907418566,1325.528469440725,35.0,0.5,1.0,-10,-6
63,-5.496463314760675,1.4631974715911844,926.7490159302251,35.0,0.5,1.0,-10,-6
64,-2.8633214243832112,4.937681317430137,740.1997382566642,35.0,0.5,1.0,-10,-6
65,-2.9355225654304484,3.0862211077895267,1155.962053114442,35.0,0.5,1.0,-10,-6
66,-5.614204888229807,3.8725704029777392,817.457415963504,35.0,0.5,1.0,-10,-6
67,-4.171852778527592,2.276257750725377,1581.8155830985806,35.0,0.5,1.0,-10,-6
68,-5.683002067267544,2.0568830866603127,849.1142419943701,35.0,0.5,1.0,-10,-6
69,-5.831319317958433,2.7143254852926373,1297.2459051623523,35.0,0.5,1.0,-10,-6
70,-3.9657904884843385,2.6765202641224226,1506.759487514104,35.0,0.5,1.0,-10,-6
71,-3.329900567396059,4.923809788598422,1269.630478250505,35.0,0.5,1.0,-10,-6
72,-5.170464370246503,3.1753157297173855,1088.5544112258694,35.0,0.5,1.0,-10,-6
73,-3.896225670206544,4.37886645391597,1183.313269812988,35.0,0.5,1.0,-10,-6
74,-5.513757992456557,4.207252684906006,1236.8882766681959,35.0,0.5,1.0,-10,-6
75,-4.490187479072646,1.5032711965507557,1046.5888362835367,35.0,0.5,1.0,-10,-6
76,-2.117386183017123,2.8971125012480385,1031.0071678278268,35.0,0.5,1.0,-10,-6
77,-4.594099631504924,1.0263361926713035,882.2591874655802,35.0,0.5,1.0,-10,-6
78,-3.2729430904555485,3.7610465547929914,1567.5984167305041,35.0,0.5,1.0,-10,-6
79,-4.736817335323597,1.2513380720170453,1075.7961699142215,35.0,0.5,1.0,-10,-6
80,-4.557690807645063,3.483033759912198,758.3033969773791,35.0,0.5,1.0,-10,-6
81,-5.952138774107878,1.7271828190964742,746.1022261873028,35.0,0.5,1.0,-10,-6
82,-4.42834282999143,4.405892253377349,1267.0906444865266,35.0,0.5,1.0,-10,-6
83,-2.2456532901399955,4.097715794331961,1540.31950282269,35.0,0.5,1.0,-10,-6
84,-4.303767267863717,2.150985079147139,871.6797579539791,35.0,0.5,1.0,-10,-6
85,-3.6775847049069497,4.966616666590834,1536.6576798294907,35.0,0.5,1.0,-10,-6
86,-2.5110537210059527,1.985936097630395,1213.9822208523226,35.0,0.5,1.0,-10,-6
87,-3.5143075247204263,3.6496061113754217,1432.5850751160897,35.0,0.5,1.0,-10,-6
88,-4.291518106983977,3.017376261759004,1501.3236107357461,35.0,0.5,1.0,-10,-6
89,-3.906990178197574,2.8542893171246755,944.3657077999909,35.0,0.5,1.0,-10,-6
90,-3.3037270103110226,4.627491729298505,1510.3112190310349,35.0,0.5,1.0,-10,-6
91,-3.705782919941916,2.8417635754024833,1456.5478005611008,35.0,0.5,1.0,-10,-6
92,-4.584575648672123,1.6214190786629479,915.1216677056874,35.0,0.5,1.0,-10,-6
93,-5.537500771779248,3.754892377237244,1336.6959929119707,35.0,0.5,1.0,-10,-6
94,-5.739367557666761,1.2315546626895708,1128.0819068778862,35.0,0.5,1.0,-10,-6
95,-5.816219622557902,3.8550982349384886,813.8098890403217,35.0,0.5,1.0,-10,-6
96,-3.521221120201106,1.0413944093958496,1009.5372779274599,35.0,0.5,1.0,-10,-6
97,-2.2494568329787374,3.214580793540279,1149.179010851323,35.0,0.5,1.0,-10,-6
98,-2.6993411424287928,3.226221523174278,851.2324031065538,35.0,0.5,1.0,-10,-6
99,-5.5805886405913165,1.0174040929851853,1217.186167414738,35.0,0.5,1.0,-10,-6
100,-3.696768376039313,4.997174716777622,894.4248471053281,35.0,0.5,1.0,-10,-6
101,-4.981696341915923,1.9728526510377549,899.6153792793887,35.0,0.5,1.0,-10,-6
102,-5.468706032780568,2.0923897506549,715.4693083751232,35.0,0.5,1.0,-10,-6
103,-4.325268069102918,4.930488912605808,853.8657317872122,35.0,0.5,1.0,-10,-6
104,-3.199896253229587,1.3409922448428586,710.1142334913872,35.0,0.5,1.0,-10,-6
105,-4.07020898314444,2.8107552890477345,1433.1870193633777,35.0,0.5,1.0,-10,-6
106,-3.107804793212621,3.46812483898673,1555.7471382417716,35.0,0.5,1.0,-10,-6
107,-5.342561549811725,2.155613073519703,1544.259609283588,35.0,0.5,1.0,-10,-6
108,-4.614066771563219,3.6127820425066597,991.4860574664186,35.0,0.5,1.0,-10,-6
109,-4.332028096922575,4.583478390671592,1015.4935201959019,35.0,0.5,1.0,-10,-6
110,-5.936782729511867,3.241365781232923,896.5402170641032,35.0,0.5,1.0,-10,-6
111,-3.163376630224926,3.926497931239699,1413.6448254720697,35.0,0.5,1.0,-10,-6
112,-5.700296727885728,1.1498172474652621,1016.9152114676813,35.0,0.5,1.0,-10,-6
113,-2.108968482842757,1.6945508158028875,1408.380195961137,35.0,0.5,1.0,-10,-6
114,-3.535166880848518,1.5200651972389454,1592.8243615393023,35.0,0.5,1.0,-10,-6
115,-2.516097507618785,4.891848941953769,1172.1313204900962,35.0,0.5,1.0,-10,-6
116,-3.9747282355580333,1.9981022848494971,891.9702373554128,35.0,0.5,1.0,-10,-6
117,-2.9374638665943302,1.677344677608163,952.4824811403367,35.0,0.5,1.0,-10,-6
118,-5.593929548637707,2.0320071141858964,1312.793104489368,35.0,0.5,1.0,-10,-6
119,-2.0133083839519985,2.918196397537902,1201.3898869196412,35.0,0.5,1.0,-10,-6
120,-5.807784107248146,2.0001081784593846,1524.8322328822264,35.0,0.5,1.0,-10,-6
121,-3.9167495321320023,2.0701289107600136,1050.6235527290148,35.0,0.5,1.0,-10,-6
122,-4.127811618642983,2.9795887693593697,1584.7061296646089,35.0,0.5,1.0,-10,-6
123,-2.9829843679383186,4.518328148727255,927.2979395696561,35.0,0.5,1.0,-10,-6
124,-4.314234697376346,1.7458488463803081,1241.406572886162,35.0,0.5,1.0,-10,-6
125,-3.942013834621956,4.3635241090931665,1005.2564053195798,35.0,0.5,1.0,-10,-6
126,-2.3142304751882907,4.561900595078505,704.2674122064541,35.0,0.5,1.0,-10,-6
127,-3.5688723231476045,1.568751229443329,1490.6969576286817,35.0,0.5,1.0,-10,-6
128,-3.340699095746089,3.823670195493338,1563.3419008800129,35.0,0.5,1.0,-10,-6
129,-5.794569833102014,1.5383639054165121,1485.3136241355196,35.0,0.5,1.0,-10,-6
130,-2.6903034249911895,2.9964080721579456,1125.755371358959,35.0,0.5,1.0,-10,-6
131,-2.430413934055695,2.0749666092919066,1205.1468464455422,35.0,0.5,1.0,-10,-6
132,-2.1527021689684624,4.644906530396223,1291.2152511229497,35.0,0.5,1.0,-10,-6
133,-5.868061999692043,4.494557540807861,1090.409488148337,35.0,0.5,1.0,-10,-6
134,-2.676362992292378,4.777622798795049,771.1581787604497,35.0,0.5,1.0,-10,-6
135,-3.7168376168798294,2.3593259536787965,1506.1441441647626,35.0,0.5,1.0,-10,-6
136,-4.956375714342412,1.6389942960231556,1343.5328780959608,35.0,0.5,1.0,-10,-6
137,-5.5505293551777335,2.3382213565955325,1426.7885162361524,35.0,0.5,1.0,-10,-6
138,-2.5992592743981087,4.733756591976758,1225.5876562835535,35.0,0.5,1.0,-10,-6
139,-2.4406160900531404,4.35034294432815,1515.0717188018273,35.0,0.5,1.0,-10,-6
140,-4.245776971357478,4.093262279602298,1154.9455077085308,35.0,0.5,1.0,-10,-6
141,-5.280218543513035,2.0978895613386666,945.9412954497795,35.0,0.5,1.0,-10,-6
142,-2.7583251808390066,1.175558842547106,1022.1348037207752,35.0,0.5,1.0,-10,-6
143,-4.689473242195536,1.552356639525185,849.9247875620366,35.0,0.5,1.0,-10,-6
144,-3.855216582323768,4.423492679143957,905.913306831423,35.0,0.5,1.0,-10,-6
145,-2.62696208927601,3.2553676278017427,1229.781885524578,35.0,0.5,1.0,-10,-6
146,-2.260511589459065,1.8145281282758061,1381.096481901726,35.0,0.5,1.0,-10,-6
147,-5.891287427050296,2.6414747432981036,867.7928026461074,35.0,0.5,1.0,-10,-6
148,-2.0012788499307024,2.1306802288710345,1180.8131580128152,35.0,0.5,1.0,-10,-6
149,-4.939580392632186,3.8146169823369185,957.7291745968578,35.0,0.5,1.0,-10,-6
150,-5.877122611977894,2.6340323404957404,1165.9273865016442,35.0,0.5,1.0,-10,-6
151,-2.4758917094805097,4.185801368726697,1004.0769684455506,35.0,0.5,1.0,-10,-6
152,-5.791989417979118,3.623069454373969,1063.354116716975,35.0,0.5,1.0,-10,-6
153,-3.669623558762889,1.3227106291089097,1281.553834753294,35.0,0.5,1.0,-10,-6
154,-4.666629072079083,4.023482688488509,1242.6178079455317,35.0,0.5,1.0,-10,-6
155,-3.690958937837424,4.0751243075644705,1094.9392917334187,35.0,0.5,1.0,-10,-6
156,-3.638953279610224,2.4307160776370345,1496.956676218268,35.0,0.5,1.0,-10,-6
157,-2.460003466607371,4.253517367785787,826.0891976187118,35.0,0.5,1.0,-10,-6
158,-3.623276324937991,1.6271579763889574,876.0055566918082,35.0,0.5,1.0,-10,-6
159,-3.2110495914147656,4.0636741769623494,1520.9740773563535,35.0,0.5,1.0,-10,-6
160,-5.944256667750455,1.091755364768729,1464.3014431343881,35.0,0.5,1.0,-10,-6
161,-5.334013467894283,3.443887480000274,960.7202901695305,35.0,0.5,1.0,-10,-6
162,-2.3921506727293216,3.412848904124337,1516.78434739136,35.0,0.5,1.0,-10,-6
163,-4.735843971886355,4.458091725864879,1374.9556598833383,35.0,0.5,1.0,-10,-6
164,-5.769414285956581,3.3639585509936407,1530.720687559051,35.0,0.5,1.0,-10,-6
165,-5.1485126939717345,2.019177292602911,860.0624203093608,35.0,0.5,1.0,-10,-6
166,-5.5528892138360755,1.4867181436748418,790.0399570424518,35.0,0.5,1.0,-10,-6
167,-2.3575603496728923,3.061292817927828,823.413764697571,35.0,0.5,1.0,-10,-6
168,-4.707631204958383,4.032429811946281,780.3268040285991,35.0,0.5,1.0,-10,-6
169,-4.405811998951533,2.5290822974735865,1079.1004537444524,35.0,0.5,1.0,-10,-6
170,-2.323888934127713,4.109241670238074,1176.0330701360026,35.0,0.5,1.0,-10,-6
171,-5.861535768586186,3.9443811347500195,1541.3469204554667,35.0,0.5,1.0,-10,-6
172,-5.2028296041267454,4.446934961040169,1192.4195312705247,35.0,0.5,1.0,-10,-6
173,-2.37808378582956,2.517939791834835,726.7132240265515,35.0,0.5,1.0,-10,-6
174,-2.8111637576364945,3.914118399243548,1295.1213141283463,35.0,0.5,1.0,-10,-6
175,-5.139812948731308,4.61273854203178,1196.925437765659,35.0,0.5,1.0,-10,-6
176,-2.163234534029656,1.9816400714145805,920.2549011907313,35.0,0.5,1.0,-10,-6
177,-2.5845787059955185,4.708073981992796,973.49890514043,35.0,0.5,1.0,-10,-6
178,-4.676972748774187,4.9824518300903,713.8138610811079,35.0,0.5,1.0,-10,-6
179,-4.808265697797234,4.438388414022963,1231.5422949083215,35.0,0.5,1.0,-10,-6
180,-2.4353275665510776,4.310139099160354,1441.9998872306196,35.0,0.5,1.0,-10,-6
181,-2.821416292426381,3.0559381126374188,755.397601272889,35.0,0.5,1.0,-10,-6
182,-5.452973200548584,2.823407115176457,792.2747340437769,35.0,0.5,1.0,-10,-6
183,-4.993625621540468,1.4213408931949874,1151.385611617432,35.0,0.5,1.0,-10,-6
184,-4.924158290173302,4.301778606682226,1066.3691568493916,35.0,0.5,1.0,-10,-6
185,-5.224215370174496,3.6277390831193186,1097.3939630635405,35.0,0.5,1.0,-10,-6
186,-4.381405528483358,2.333774559765272,768.9373168864512,35.0,0.5,1.0,-10,-6
187,-2.968923911655079,2.9726751032463126,711.5507278517076,35.0,0.5,1.0,-10,-6
188,-3.3129518660468977,2.4392775814305945,722.2538917748408,35.0,0.5,1.0,-10,-6
189,-3.7537151796619495,4.05005307792675,739.5165745511509,35.0,0.5,1.0,-10,-6
190,-5.0813773526261565,3.989899525518852,1218.6524414566634,35.0,0.5,1.0,-10,-6
191,-3.4485618280876875,1.5480990540432176,1527.519610785027,35.0,0.5,1.0,-10,-6
192,-3.4264951803598365,3.954396186309972,1597.2951830904362,35.0,0.5,1.0,-10,-6
193,-3.7626471084295523,3.933751019188928,1439.2874628573545,35.0,0.5,1.0,-10,-6
194,-3.504068470551684,4.605533241304215,932.77489153254,35.0,0.5,1.0,-10,-6
195,-2.071360244113152,2.5797978841221214,1082.0623825466864,35.0,0.5,1.0,-10,-6
196,-3.3753781683822126,2.7421378316237,1466.470291840545,35.0,0.5,1.0,-10,-6
197,-2.203646522903202,3.960524283288002,1356.0034230174406,35.0,0.5,1.0,-10,-6
198,-2.527938818560647,2.9540428716164415,1512.7200956705442,35.0,0.5,1.0,-10,-6
199,-3.540512071064458,3.7885565633198603,993.438804482188,35.0,0.5,1.0,-10,-6
200,-3.7250803528249126,2.4795253687701124,900.2324340031893,35.0,0.5,1.0,-10,-6
201,-3.5616863660043183,2.7551177532141793,992.1898811213443,35.0,0.5,1.0,-10,-6
202,-4.543672275987365,1.2330393631148286,1391.6029323804405,35.0,0.5,1.0,-10,-6
203,-5.918031749011222,3.378405782399906,886.8770280835529,35.0,0.5,1.0,-10,-6
204,-5.355803357403616,2.4454906994118364,965.5639683121758,35.0,0.5,1.0,-10,-6
205,-4.5660434855989065,3.216140158090507,1108.6315826908806,35.0,0.5,1.0,-10,-6
206,-4.928283549749331,1.5160123327881152,1259.960461979716,35.0,0.5,1.0,-10,-6
207,-4.855937324507075,1.2770965652745683,1380.2918631860334,35.0,0.5,1.0,-10,-6
208,-4.442550438998623,2.7228180673181663,759.4890881181052,35.0,0.5,1.0,-10,-6
209,-5.655028313470072,2.492192833427638,1468.17070491956,35.0,0.5,1.0,-10,-6
210,-2.1472155799908053,1.9505100232506405,1301.3456597338904,35.0,0.5,1.0,-10,-6
211,-4.774901114455907,3.6687489889064793,961.8968691811956,35.0,0.5,1.0,-10,-6
212,-2.8770408135572163,1.7181359762307284,1169.1462004228802,35.0,0.5,1.0,-10,-6
213,-3.480900541445185,4.393619387326325,1071.0369068633402,35.0,0.5,1.0,-10,-6
214,-4.464148767512918,3.50734835227855,1190.4429566382921,35.0,0.5,1.0,-10,-6
215,-4.754007939718328,1.2455285620925487,1474.945198908781,35.0,0.5,1.0,-10,-6
216,-4.416192589489976,3.3314473474398847,969.3100941990872,35.0,0.5,1.0,-10,-6
217,-2.9942942404668456,2.2492406289072986,1421.779782047566,35.0,0.5,1.0,-10,-6
218,-2.297155988959975,2.5728154403825663,1482.6752346963744,35.0,0.5,1.0,-10,-6
219,-4.526928288984831,4.164455743671898,866.2244607721944,35.0,0.5,1.0,-10,-6
220,-2.237734256615231,1.6587742450707492,1365.9577763678235,35.0,0.5,1.0,-10,-6
221,-5.363987763247737,2.7008096642457646,743.2339477463041,35.0,0.5,1.0,-10,-6
222,-3.2520425428742823,1.452028489596334,1321.4859193057541,35.0,0.5,1.0,-10,-6
223,-3.54765649038059,3.1001599944374165,1351.1763105007503,35.0,0.5,1.0,-10,-6
224,-2.764043973351087,1.0541195160485206,828.5424002661837,35.0,0.5,1.0,-10,-6
225,-2.8683118928799805,1.5780858806636084,1186.4385756321526,35.0,0.5,1.0,-10,-6
226,-5.7197200716738195,2.908881942580687,1116.855317780408,35.0,0.5,1.0,-10,-6
227,-4.1513847359231875,1.4897011868563879,1133.6980837463984,35.0,0.5,1.0,-10,-6
228,-3.456866179310175,3.167032252023211,1553.8393925872624,35.0,0.5,1.0,-10,-6
229,-3.1814825210370095,2.7681416256277234,879.4511655925745,35.0,0.5,1.0,-10,-6
230,-2.9841545958441302,1.9197673133170015,978.9853240335098,35.0,0.5,1.0,-10,-6
231,-5.477481709524458,2.3720862190416416,1448.2073593790885,35.0,0.5,1.0,-10,-6
232,-3.5915966012282823,3.604461020353678,1518.9824030276259,35.0,0.5,1.0,-10,-6
233,-2.7868542635868048,3.0652806146429565,747.6158678136607,35.0,0.5,1.0,-10,-6
234,-2.3100317528252607,2.395646426424765,889.2654650691153,35.0,0.5,1.0,-10,-6
235,-5.504731887640158,2.198181210796106,793.6017257967662,35.0,0.5,1.0,-10,-6
236,-3.872899764087711,3.9720426175083388,732.2101227308564,35.0,0.5,1.0,-10,-6
237,-5.2618471797397515,4.864940022621925,1280.8807300934234,35.0,0.5,1.0,-10,-6
238,-2.486759801968018,1.3338605562083679,999.1511398500686,35.0,0.5,1.0,-10,-6
239,-2.0551348507149387,4.425526976510412,1262.2396210699671,35.0,0.5,1.0,-10,-6
240,-4.455572288542131,2.4165503473012793,1489.5724321778757,35.0,0.5,1.0,-10,-6
241,-5.902158115019686,2.795217988110954,830.6731734918417,35.0,0.5,1.0,-10,-6
242,-2.638057863398656,1.2148778652409404,1287.6784633520715,35.0,0.5,1.0,-10,-6
243,-3.840664558327872,4.11772082666768,1123.5775777207823,35.0,0.5,1.0,-10,-6
244,-5.181638376389403,1.0786915302563762,1134.4963248083154,35.0,0.5,1.0,-10,-6
245,-3.0332710246182883,2.113819346944501,982.661695579829,35.0,0.5,1.0,-10,-6
246,-2.0259908065661305,4.658569654466665,1569.2776746235309,35.0,0.5,1.0,-10,-6
247,-4.793525371131317,3.697541431425395,1286.354038785513,35.0,0.5,1.0,-10,-6
248,-4.193349957079889,1.935077186476659,724.6984733966093,35.0,0.5,1.0,-10,-6
249,-2.41090711179057,4.142734602917717,1422.022443205813,35.0,0.5,1.0,-10,-6
250,-5.691635673150403,2.9431663329640614,1042.7529027613828,35.0,0.5,1.0,-10,-6
251,-2.824479341900417,1.9271615050595043,997.7992628098026,35.0,0.5,1.0,-10,-6
252,-3.005965892252112,4.339191395871694,924.3144924153146,35.0,0.5,1.0,-10,-6
253,-5.4147306246094375,1.4664725979188857,775.068459255783,35.0,0.5,1.0,-10,-6
254,-3.3874015940473905,2.608931039159959,1382.38648332713,35.0,0.5,1.0,-10,-6
255,-4.655309400094058,1.5850630226874836,1451.5414148915277,35.0,0.5,1.0,-10,-6
256,-3.1410184944790216,2.501670791289679,1101.263832319373,35.0,0.5,1.0,-10,-6
257,-3.1301654279075146,3.1790916694274567,1523.5038157661145,35.0,0.5,1.0,-10,-6
258,-5.212230589538018,1.3731616200466275,949.6171357076705,35.0,0.5,1.0,-10,-6
259,-3.801520867845355,3.6601972664763838,1476.4257432169668,35.0,0.5,1.0,-10,-6
260,-5.312480807484262,1.9651712650697681,947.8355664944812,35.0,0.5,1.0,-10,-6
261,-3.237911076500543,1.7532392284324847,1121.439831127801,35.0,0.5,1.0,-10,-6
262,-2.56864732630852,4.216274738782043,801.1513415422063,35.0,0.5,1.0,-10,-6
263,-3.2244794872429856,4.7644702854937835,1418.7038793910644,35.0,0.5,1.0,-10,-6
264,-4.833130621798262,2.283212172810051,1057.3154126244563,35.0,0.5,1.0,-10,-6
265,-5.0482071807051625,1.1903055532261786,1032.4638102772446,35.0,0.5,1.0,-10,-6
266,-4.3683387259123805,3.312847431446799,916.0329384705846,35.0,0.5,1.0,-10,-6
267,-3.8857555423161037,4.683267858306144,1277.3316155148102,35.0,0.5,1.0,-10,-6
268,-3.1232650024956916,3.429759858998806,1580.1074195888568,35.0,0.5,1.0,-10,-6
269,-4.188976833102434,1.8548170558670514,735.7521183744323,35.0,0.5,1.0,-10,-6
270,-2.769409031613887,2.666739276425136,1400.2178481402552,35.0,0.5,1.0,-10,-6
271,-4.274331908394947,3.679029201123698,1061.6501423774505,35.0,0.5,1.0,-10,-6
272,-2.229437262771577,2.0132342421053,1393.7826826343219,35.0,0.5,1.0,-10,-6
273,-4.206062741427217,2.520613174465073,1119.0030666083694,35.0,0.5,1.0,-10,-6
274,-5.220208357796609,2.311607012827893,907.8318523806556,35.0,0.5,1.0,-10,-6
275,-3.439393695116579,4.544713983869831,755.8038276955456,35.0,0.5,1.0,-10,-6
276,-4.657820212700617,4.74824356444823,799.9419146491462,35.0,0.5,1.0,-10,-6
277,-2.915690275601078,4.332583601051059,1145.1497678140458,35.0,0.5,1.0,-10,-6
278,-2.536717463088301,3.84477868064522,798.7021555610241,35.0,0.5,1.0,-10,-6
279,-4.903860157360205,2.181364385450018,1326.412404595364,35.0,0.5,1.0,-10,-6
280,-4.249966452026566,2.1915000657284542,995.7346702286746,35.0,0.5,1.0,-10,-6
281,-2.2877080699310404,1.0656973725217922,1034.4903109626741,35.0,0.5,1.0,-10,-6
282,-4.306178141054378,3.3249737943394555,701.8698359628563,35.0,0.5,1.0,-10,-6
283,-5.569811300230518,4.553538914837812,777.0727938807546,35.0,0.5,1.0,-10,-6
284,-4.003895651311266,3.911999390476178,980.3478950840729,35.0,0.5,1.0,-10,-6
285,-4.058023774931577,3.7481698996442265,1158.1410955018139,35.0,0.5,1.0,-10,-6
286,-2.4228417349573164,1.2710800483377982,903.5387094296818,35.0,0.5,1.0,-10,-6
287,-4.266306492856551,4.130511780552022,1041.234036717953,35.0,0.5,1.0,-10,-6
288,-3.0556430979813785,1.1963769924453793,1289.4490076076909,35.0,0.5,1.0,-10,-6
289,-4.549653455692438,1.2923228344648225,1550.552435550488,35.0,0.5,1.0,-10,-6
290,-2.7947667386718456,4.736302364950402,1067.688710893654,35.0,0.5,1.0,-10,-6
291,-4.74984488393742,1.4758747429899004,1543.1518496389326,35.0,0.5,1.0,-10,-6
292,-2.133092729130003,4.6754620567545775,1212.1637547215453,35.0,0.5,1.0,-10,-6
293,-2.1967091642973657,4.882407157977433,1487.735438158369,35.0,0.5,1.0,-10,-6
294,-2.777560971298841,4.478198060145674,808.1766806314824,35.0,0.5,1.0,-10,-6
295,-4.130364226417255,4.213282738494405,742.5400594960776,35.0,0.5,1.0,-10,-6
296,-2.04351704227088,4.787198480042893,1330.6900029017575,35.0,0.5,1.0,-10,-6
297,-4.287162067290837,1.5075475932868674,1037.3017491698631,35.0,0.5,1.0,-10,-6
298,-5.886156340673829,4.144666480524123,1349.3501247972458,35.0,0.5,1.0,-10,-6
299,-5.4843834732500865,3.526993477347106,1206.3563320704848,35.0,0.5,1.0,-10,-6
300,-4.845417461993797,2.950330282556284,1531.6726647674482,35.0,0.5,1.0,-10,-6
301,-2.468235458864358,4.155774425836157,1452.7703240175906,35.0,0.5,1.0,-10,-6
302,-3.4117111139555574,4.991918790568731,1424.210673139592,35.0,0.5,1.0,-10,-6
303,-2.9549550188910403,1.2862662519981556,989.2833858097669,35.0,0.5,1.0,-10,-6
304,-4.724692066096187,1.7337147554213836,1468.6585029285488,35.0,0.5,1.0,-10,-6
305,-3.6280436271349727,1.7373394470041255,1244.6800947460404,35.0,0.5,1.0,-10,-6
306,-5.531965613313726,2.6302893976520916,1256.580839666463,35.0,0.5,1.0,-10,-6
307,-2.181166544051518,1.2021675621993013,719.9170912760725,35.0,0.5,1.0,-10,-6
308,-2.449631271721118,3.490028821103066,1221.2492924747182,35.0,0.5,1.0,-10,-6
309,-2.641311659703663,1.8895932242458704,825.2634418653956,35.0,0.5,1.0,-10,-6
310,-3.868699060303906,3.6389950159664637,922.0570686391677,35.0,0.5,1.0,-10,-6
311,-4.40804567864978,3.38745939922581,1547.2910385701452,35.0,0.5,1.0,-10,-6
312,-3.8288961174408676,3.572289903296494,821.4316544071349,35.0,0.5,1.0,-10,-6
313,-2.2130093430307123,3.5768141489997705,1035.192794681255,35.0,0.5,1.0,-10,-6
314,-5.11284513812014,1.3944931766769826,1185.673354372822,35.0,0.5,1.0,-10,-6
315,-4.258912866789334,2.223111686738565,733.9467659488978,35.0,0.5,1.0,-10,-6
316,-5.157683921123805,1.704167424209809,1586.4556325446435,35.0,0.5,1.0,-10,-6
317,-5.045027965988053,1.9031623157109947,842.5920821348377,35.0,0.5,1.0,-10,-6
318,-3.3627038125249697,4.773952936431604,1140.6537792147626,35.0,0.5,1.0,-10,-6
319,-2.709108425571809,2.48517141236665,1163.866820744778,35.0,0.5,1.0,-10,-6
320,-3.356654602626036,3.1250247871816574,1355.130498242282,35.0,0.5,1.0,-10,-6
321,-3.6111620187749294,2.7351479146081776,1305.6181226586486,35.0,0.5,1.0,-10,-6
322,-3.0264174920521514,3.374317447160407,807.9192285586076,35.0,0.5,1.0,-10,-6
323,-5.457297200044693,1.306572986979638,1209.0844159485969,35.0,0.5,1.0,-10,-6
324,-4.906399127043026,2.9343044260368454,1589.3394097015318,35.0,0.5,1.0,-10,-6
325,-3.3470890689149693,4.029954133725221,1533.653039811178,35.0,0.5,1.0,-10,-6
326,-5.780117558194994,2.3779628093659873,1234.8551876082993,35.0,0.5,1.0,-10,-6
327,-2.1021314888194094,4.269621617531698,816.9348968862308,35.0,0.5,1.0,-10,-6
328,-4.435215011947523,2.0470517463499895,877.3070486004297,35.0,0.5,1.0,-10,-6
329,-5.6027261669841515,2.209173939994835,1439.99185149853,35.0,0.5,1.0,-10,-6
330,-2.9236989977337746,1.6067170276574765,1159.7252350164765,35.0,0.5,1.0,-10,-6
331,-3.2451517561116443,1.7661849166030805,1254.2594068978447,35.0,0.5,1.0,-10,-6
332,-4.053423543602788,2.8766397575398246,1309.6101435754385,35.0,0.5,1.0,-10,-6
333,-2.3375736281757833,1.6811469120889186,1366.2301005756017,35.0,0.5,1.0,-10,-6
334,-5.656867181542532,4.38861759487358,1443.5480795198016,35.0,0.5,1.0,-10,-6
335,-5.988239979571253,3.5289914900766184,880.4344181834609,35.0,0.5,1.0,-10,-6
336,-3.9816748952137626,2.776400328685251,1215.6435720195234,35.0,0.5,1.0,-10,-6
337,-3.4680617287408935,4.59401186940223,1319.7669392539221,35.0,0.5,1.0,-10,-6
338,-2.657728663794305,4.847602144196683,1234.5042007855513,35.0,0.5,1.0,-10,-6
339,-2.5580493194620804,2.861943170995512,1099.0608223911943,35.0,0.5,1.0,-10,-6
340,-5.064993322840522,1.6535145382693894,888.9170722134337,35.0,0.5,1.0,-10,-6
341,-4.179838667033706,3.5488752580807055,1002.0274410658594,35.0,0.5,1.0,-10,-6
342,-2.0221077178218416,2.6077679087248447,1298.8946747746868,35.0,0.5,1.0,-10,-6
343,-3.777170377197242,4.520195606799784,1113.7673412660238,35.0,0.5,1.0,-10,-6
344,-4.222943483727304,1.2175491223104484,1587.4438404773164,35.0,0.5,1.0,-10,-6
345,-4.336049658637206,3.5399776414316224,1029.2592340127967,35.0,0.5,1.0,-10,-6
346,-3.4003928910273897,2.1667490124941367,1538.4356888537422,35.0,0.5,1.0,-10,-6
347,-4.503336589880888,3.3516800414873034,937.0277620201895,35.0,0.5,1.0,-10,-6
348,-2.268864277381297,1.3610998389696136,847.3454427031678,35.0,0.5,1.0,-10,-6
349,-5.911998219861128,3.115623700693233,1347.0489383146637,35.0,0.5,1.0,-10,-6
350,-5.056348806805688,3.688879956380378,885.069930349735,35.0,0.5,1.0,-10,-6
351,-3.1500176036507934,1.1172031494857992,1352.7519048316772,35.0,0.5,1.0,-10,-6
352,-3.736824001075776,1.4245899720265902,1019.362855090229,35.0,0.5,1.0,-10,-6
353,-4.012457627623033,2.386548415504709,1560.0041238622086,35.0,0.5,1.0,-10,-6
354,-5.017322188508445,3.106172202905128,1345.6201657963152,35.0,0.5,1.0,-10,-6
355,-5.299908909613662,2.659434435678309,1332.914024175047,35.0,0.5,1.0,-10,-6
356,-4.112966409951364,4.409834148424107,1548.5043448719439,35.0,0.5,1.0,-10,-6
357,-4.389942117365205,1.9415640350507248,1595.3713811279786,35.0,0.5,1.0,-10,-6
358,-2.9622833177301144,2.2470107463763243,913.7682364421589,35.0,0.5,1.0,-10,-6
359,-5.195712216812891,1.056905260471531,1574.8690266030906,35.0,0.5,1.0,-10,-6
360,-4.3474987194702575,1.381227629282369,1210.2613946241022,35.0,0.5,1.0,-10,-6
361,-5.27718823636658,2.551178065478731,1416.5856727168064,35.0,0.5,1.0,-10,-6
362,-5.377769325561268,3.0015794414496373,929.6571799229217,35.0,0.5,1.0,-10,-6
363,-5.350764029133973,2.5903712865090127,751.6868157715217,35.0,0.5,1.0,-10,-6
364,-2.8041030812953194,1.3011857475208286,736.7000680014994,35.0,0.5,1.0,-10,-6
365,-3.399739840879935,3.7069640222138496,855.6069486413645,35.0,0.5,1.0,-10,-6
366,-3.730698490944597,4.015795980487571,1493.9089211507542,35.0,0.5,1.0,-10,-6
367,-4.828291074370144,4.670411189109295,964.216933897626,35.0,0.5,1.0,-10,-6
368,-2.9016050417787023,4.081462415704864,1577.329394258385,35.0,0.5,1.0,-10,-6
369,-5.638732850490573,1.010073381588823,1404.4342482828924,35.0,0.5,1.0,-10,-6
370,-2.8483586491307467,3.8715423064838235,1473.0547688132265,35.0,0.5,1.0,-10,-6
371,-5.120843831174923,3.7204890990443165,1339.3539811066644,35.0,0.5,1.0,-10,-6
372,-5.239360153745658,2.02720743013479,1138.0358014747633,35.0,0.5,1.0,-10,-6
373,-5.999559099745751,4.542663907582138,1251.1395904863803,35.0,0.5,1.0,-10,-6
374,-3.8121550279361056,4.121795155539153,956.488770915703,35.0,0.5,1.0,-10,-6
375,-2.2739513967446103,3.3032006800563054,1435.5194408270945,35.0,0.5,1.0,-10,-6
376,-5.814352822564715,3.3041094903720607,1056.0200650616812,35.0,0.5,1.0,-10,-6
377,-4.511159137442375,3.894882718877242,1058.9540650752601,35.0,0.5,1.0,-10,-6
378,-2.221353674129528,1.3597397357559533,700.5737688403643,35.0,0.5,1.0,-10,-6
379,-5.2648789448348605,4.622749905246242,1359.0020450020893,35.0,0.5,1.0,-10,-6
380,-3.5833855598233493,3.14471794443774,1120.32884406397,35.0,0.5,1.0,-10,-6
381,-4.696934359958121,3.5024023683085694,909.2694742457147,35.0,0.5,1.0,-10,-6
382,-5.849052050429313,2.8332251445694387,707.8669588868459,35.0,0.5,1.0,-10,-6
383,-3.5973808933410436,2.7666690119467012,1227.0992857715705,35.0,0.5,1.0,-10,-6
384,-4.571989542235455,1.446831617170399,1052.1504554422454,35.0,0.5,1.0,-10,-6
385,-5.432066626313123,1.4150069260770668,1273.3728643024642,35.0,0.5,1.0,-10,-6
386,-3.2064162836242738,3.9016306802484806,1388.2618406917227,35.0,0.5,1.0,-10,-6
387,-4.140705752346342,3.4045800690644965,750.1391507263108,35.0,0.5,1.0,-10,-6
388,-3.6532714712686265,3.130809110426085,863.319187100753,35.0,0.5,1.0,-10,-6
389,-4.459227348781523,4.860490814702407,1084.462830687323,35.0,0.5,1.0,-10,-6
390,-3.0576380543372847,4.452842621854131,1484.6990818200252,35.0,0.5,1.0,-10,-6
391,-4.822104477442927,2.40160425174493,1271.4250100878103,35.0,0.5,1.0,-10,-6
392,-5.631638340054605,3.459878463771599,1386.274300305872,35.0,0.5,1.0,-10,-6
393,-4.787027188293259,2.927136890422115,1459.987970993532,35.0,0.5,1.0,-10,-6
394,-5.373871898148446,1.3440443792916978,1529.5829865727242,35.0,0.5,1.0,-10,-6
395,-4.084996358010468,3.5568264100516442,1315.7336219008798,35.0,0.5,1.0,-10,-6
396,-3.0975398781606156,3.769920463894896,1446.5053983383448,35.0,0.5,1.0,-10,-6
397,-3.7889872291542064,4.466507510115943,1202.461738064269,35.0,0.5,1.0,-10,-6
398,-3.8564470926482453,4.1937174462666205,1598.746743631592,35.0,0.5,1.0,-10,-6
399,-4.864072024852364,2.684240031762554,1308.100575135525,35.0,0.5,1.0,-10,-6
400,-2.534427497580601,3.0324325767531675,1169.86683103188,35.0,0.5,1.0,-10,-6
401,-2.945981757694454,4.261664153363498,954.20573947447,35.0,0.5,1.0,-10,-6
402,-2.5620795895932424,4.277835067326299,987.4879230008848,35.0,0.5,1.0,-10,-6
403,-2.3341023426981575,1.6441735234255443,1093.9517630263204,35.0,0.5,1.0,-10,-6
404,-5.756806194492026,2.3667287111042743,1179.7470948455602,35.0,0.5,1.0,-10,-6
405,-4.968099578356357,3.8039379998667364,1400.1891929478643,35.0,0.5,1.0,-10,-6
406,-5.588771564074713,2.7456630167557607,864.151061871104,35.0,0.5,1.0,-10,-6
407,-3.4227796149142033,1.6118400955858978,1074.041840641537,35.0,0.5,1.0,-10,-6
408,-2.1901062789171157,2.6884490702325254,1254.7218344865528,35.0,0.5,1.0,-10,-6
409,-3.381395738649136,4.697854684129689,1551.744895517686,35.0,0.5,1.0,-10,-6
410,-5.424867159943768,4.828211707022334,1459.1155468557427,35.0,0.5,1.0,-10,-6
411,-4.804552173228958,4.72013878409103,870.5173059524282,35.0,0.5,1.0,-10,-6
412,-5.03847926996044,1.8760682840388558,753.11947561392,35.0,0.5,1.0,-10,-6
413,-3.6030393312719933,2.137311736056991,1238.4604280078768,35.0,0.5,1.0,-10,-6
414,-3.065562579053639,4.585220219883903,1300.4113569153255,35.0,0.5,1.0,-10,-6
415,-3.5537289832556964,2.263144033499061,718.6270253651415,35.0,0.5,1.0,-10,-6
416,-5.289762392695191,1.6971107305259654,1497.9381357771415,35.0,0.5,1.0,-10,-6
417,-5.252870656823837,1.3193047197632723,1370.4383053783188,35.0,0.5,1.0,-10,-6
418,-3.7464583264183173,1.829529026666276,1114.2980776531758,35.0,0.5,1.0,-10,-6
419,-4.88742057428858,1.8824306779829971,1085.5184213607624,35.0,0.5,1.0,-10,-6
420,-4.078286139355185,1.9100598290581954,761.6867196506003,35.0,0.5,1.0,-10,-6
421,-2.750293530309518,3.6478611354664663,1044.089370625028,35.0,0.5,1.0,-10,-6
422,-5.4193769887920995,4.225072308670411,1328.7905892830177,35.0,0.5,1.0,-10,-6
423,-2.6688090639181223,3.6830496506775305,1582.8907484576246,35.0,0.5,1.0,-10,-6
424,-4.94889587323918,3.0447804118503083,1362.9222094562645,35.0,0.5,1.0,-10,-6
425,-3.295169714843859,3.0892885455663066,1199.9945923821529,35.0,0.5,1.0,-10,-6
426,-5.723458751426126,1.9526991255164876,941.7473058597507,35.0,0.5,1.0,-10,-6
427,-4.623578852370323,3.5613089803574782,1106.13557000167,35.0,0.5,1.0,-10,-6
428,-5.921692083664246,2.227390664350646,1311.4938519019624,35.0,0.5,1.0,-10,-6
429,-3.770494103399506,2.4502585091813103,1144.496531532471,35.0,0.5,1.0,-10,-6
430,-4.782091516721602,2.127904849928094,1011.7930860658544,35.0,0.5,1.0,-10,-6
431,-2.1388169751951156,4.482722971485575,845.458147874418,35.0,0.5,1.0,-10,-6
432,-5.1022332447666185,4.570832488076264,788.1782414849454,35.0,0.5,1.0,-10,-6
433,-4.096280240969775,2.7083780590171243,981.7155407382347,35.0,0.5,1.0,-10,-6
434,-3.643462310260355,1.142204247889387,1455.3953360612823,35.0,0.5,1.0,-10,-6
435,-5.185301258896388,1.7930757885448751,1303.3911484827383,35.0,0.5,1.0,-10,-6
436,-2.3874721303585527,3.0296055501514014,1503.7119641577474,35.0,0.5,1.0,-10,-6
437,-4.532077171054934,2.5396307376260236,841.0054610944065,35.0,0.5,1.0,-10,-6
438,-5.024336105173916,2.0520416782742252,911.4503207475021,35.0,0.5,1.0,-10,-6
439,-5.304588924337915,1.560667421482121,1141.7834096611657,35.0,0.5,1.0,-10,-6
440,-2.1729712593169994,4.650216866399524,819.99737466443,35.0,0.5,1.0,-10,-6
441,-3.3068665678184086,2.791750921796381,729.5944963815983,35.0,0.5,1.0,-10,-6
442,-2.582355312151514,3.2737780328436195,1560.7478488409547,35.0,0.5,1.0,-10,-6
443,-2.833762024935925,3.7839394733823397,1025.613980652827,35.0,0.5,1.0,-10,-6
444,-3.8396514312013927,1.5354432400625428,873.370970511467,35.0,0.5,1.0,-10,-6
445,-4.916401064480178,4.912629020140811,1275.0358176323575,35.0,0.5,1.0,-10,-6
446,-4.89306523587709,3.8590667054436083,1415.5925892492,35.0,0.5,1.0,-10,-6
447,-4.209559833405138,2.465498780419087,1429.8954966319147,35.0,0.5,1.0,-10,-6
448,-4.965159790186183,4.506606454230152,1152.9292599487603,35.0,0.5,1.0,-10,-6
449,-3.4943109351478974,4.9555034402130165,1391.1140748652779,35.0,0.5,1.0,-10,-6
450,-2.1214323432951208,3.011009899372352,832.6893921482045,35.0,0.5,1.0,-10,-6
451,-2.3627621742823965,3.2394622629280168,1161.4176490398233,35.0,0.5,1.0,-10,-6
452,-3.257104206126519,4.873264612710832,810.7543158681156,35.0,0.5,1.0,-10,-6
453,-5.622500486912774,4.972904326027962,772.6854109022363,35.0,0.5,1.0,-10,-6
454,-3.9302756187798034,1.4377790134095472,834.2865912766465,35.0,0.5,1.0,-10,-6
455,-4.71241228254546,1.081088384001198,1427.644979318658,35.0,0.5,1.0,-10,-6
456,-5.7050596116259,3.187184941856455,1070.6862192649355,35.0,0.5,1.0,-10,-6
457,-3.2198169979088433,4.292695805187085,717.7710332564279,35.0,0.5,1.0,-10,-6
458,-3.889644409714601,3.341011995189905,1278.3466902882287,35.0,0.5,1.0,-10,-6
459,-2.0804512389678282,3.5917031137537236,813.1544035490842,35.0,0.5,1.0,-10,-6
460,-3.817551783303846,3.136693138873488,1569.9630874363188,35.0,0.5,1.0,-10,-6
461,-4.02575470768851,4.175662569794585,1111.6579730442152,35.0,0.5,1.0,-10,-6
462,-5.32277686555163,1.8028793453625123,1077.4196898253715,35.0,0.5,1.0,-10,-6
463,-2.034122822753014,4.321883816872569,1264.3579127154708,35.0,0.5,1.0,-10,-6
464,-2.654714703575888,4.944633188451954,1013.9060813510325,35.0,0.5,1.0,-10,-6
465,-2.906392253895548,4.497007516610563,931.6197885315776,35.0,0.5,1.0,-10,-6
466,-4.3570201776456114,4.908903963701118,803.7810475121461,35.0,0.5,1.0,-10,-6
467,-4.366557861495989,3.5932233910778906,1090.7324976596208,35.0,0.5,1.0,-10,-6
468,-4.484890649957042,3.1999951699934326,1053.986877159954,35.0,0.5,1.0,-10,-6
469,-2.742170201426412,2.6552184127735177,1292.6352289031477,35.0,0.5,1.0,-10,-6
470,-4.019923082100327,2.8934351834035157,1103.3336046258787,35.0,0.5,1.0,-10,-6
471,-5.734245967650896,1.7871978825550383,1259.5143717844828,35.0,0.5,1.0,-10,-6
472,-3.4723678293149267,3.270156149236115,783.1597777855222,35.0,0.5,1.0,-10,-6
473,-3.9523340711870225,4.71777254642175,1128.9314935513833,35.0,0.5,1.0,-10,-6
474,-5.395540589155518,1.1604560347784763,1136.4568500995038,35.0,0.5,1.0,-10,-6
475,-2.3684742666472123,3.434275953946544,1477.717338045611,35.0,0.5,1.0,-10,-6
476,-4.856004476369737,4.176542770742482,938.2661393143711,35.0,0.5,1.0,-10,-6
477,-5.978502741572517,3.260198376955781,1461.770301921359,35.0,0.5,1.0,-10,-6
478,-5.522752828430476,4.85412922757482,1337.7784315767908,35.0,0.5,1.0,-10,-6
479,-4.167322924387108,1.7746161288803157,1131.725445641219,35.0,0.5,1.0,-10,-6
480,-2.618441332139098,3.3526279927119984,919.0745772826091,35.0,0.5,1.0,-10,-6
481,-5.384318755008485,4.796876084821539,1341.51310079774,35.0,0.5,1.0,-10,-6
482,-5.076971736841609,4.2841883397302425,764.7842335333613,35.0,0.5,1.0,-10,-6
483,-5.1318371783743535,2.61917935860419,1250.0931472667921,35.0,0.5,1.0,-10,-6
484,-3.1867595477395736,1.8476972015553055,1064.8760461351023,35.0,0.5,1.0,-10,-6
485,-4.393725765054047,4.353407563753812,1228.493083282127,35.0,0.5,1.0,-10,-6
486,-5.013458199952557,2.2675135773390442,1039.7756974340962,35.0,0.5,1.0,-10,-6
487,-5.8381611913523805,4.6359735856177595,984.4434411308323,35.0,0.5,1.0,-10,-6
488,-5.766767503897645,1.6645559632495186,706.5333011496797,35.0,0.5,1.0,-10,-6
489,-4.239974384823661,2.558444790564632,1479.9796536801168,35.0,0.5,1.0,-10,-6
490,-3.927466561484485,2.865030882360529,857.9577086112411,35.0,0.5,1.0,-10,-6
491,-3.6831946668653863,4.24010464645724,778.0530593089248,35.0,0.5,1.0,-10,-6
492,-2.4054893568939457,3.8827239815365933,1492.4899563460012,35.0,0.5,1.0,-10,-6
493,-3.5015863192373895,3.392065397522003,1394.926674330677,35.0,0.5,1.0,-10,-6
494,-4.630990856742795,3.2078720005273587,1360.9933893668372,35.0,0.5,1.0,-10,-6
495,-4.877568578189276,3.994452042276817,1357.7585853905932,35.0,0.5,1.0,-10,-6
496,-3.1166577933745407,3.1522035739044183,1410.6912536359941,35.0,0.5,1.0,-10,-6
497,-2.7275383906831405,3.2845391445952186,1564.8176470973067,35.0,0.5,1.0,-10,-6
498,-2.0630077191251406,1.1107103759628416,1384.5971084190298,35.0,0.5,1.0,-10,-6
499,-5.165602256917694,3.836320448637299,1450.5690385139396,35.0,0.5,1.0,-10,-6
