id,b_low,b_high,ela,temp_ela,lapse_rate
0,-2.4011641894429117,3.1846346888725967,968.0138928608932,-6.567016306092622,-5.156425745981233
1,-2.226480609022156,1.117557921664186,1014.0432025932353,-11.01266243081825,-5.194143200013791
2,-1.1442359706961298,4.562026646990988,1009.2238407263825,-16.984029763851098,-5.540756044867416
3,-4.71297369134351,3.958373614861794,1018.0573936268634,-6.129711066710978,-5.2512460206677884
4,-1.4937637161711206,1.2171377006165627,1325.2758397448945,-8.049331951341932,-6.648453445612434
5,-1.406299723473678,3.2910794645702177,1476.3520259499596,-11.041685781593703,-5.861583762805259
6,-2.1777543028560395,2.392227739317401,1311.802889338764,-18.021281419811537,-6.720480590090267
7,-2.083205173771848,3.9947763935215077,1442.9365916694155,-18.148926909332147,-6.870038866589415
8,-2.0651786915220742,4.833835817193631,1422.9956442132006,-7.810631060330131,-5.790048313703442
9,-3.7360627002782723,1.4623991400826246,506.5311955902913,-11.300000932104567,-5.431703942025269
10,-1.8783400607118863,4.2073897354202,1266.609429881543,-10.166875984922866,-5.274533678560056
11,-4.694718240327237,4.579065017476055,1067.877041840935,-13.12742593633625,-5.685005639926383
12,-1.2136250719842785,2.6003604351883047,616.4353838763562,-9.656032383354264,-6.5070240657028595
13,-3.177829180724042,1.0746571609963906,1212.895705339035,-4.783295598949957,-5.670543960488946
14,-3.3775790054491344,3.529518663121115,510.8712210791623,-8.28473966865166,-6.898098910176009
15,-4.7848555624209865,4.7514768880107745,1188.464825557291,-16.802044319097696,-6.349191368249561
16,-2.3279874693657754,2.308466764334369,741.0650420545942,-10.636955665744713,-5.092559233234985
17,-3.369985801867157,3.988998608558939,580.265035717671,-18.09191009010632,-6.914122367518273
18,-4.582481116454977,1.8668836296137838,1207.0194186923015,-12.729295319048546,-6.163646992648148
19,-3.606616027436678,1.7830073555727064,605.1841508144287,-16.366111637374377,-5.530998407073583
20,-2.526000949712255,2.5239453829059393,1135.9551021055881,-16.411141553733923,-6.323536022476295
21,-1.128085310391262,2.2148206005231117,527.1238604556145,-4.624645709683529,-6.617730375771674
22,-1.91741063937552,4.864008765361412,1386.490624303902,-10.21009463633658,-5.183816775730712
23,-4.470457657104395,4.037787716913874,1327.254966972082,-6.6738027636982284,-6.987137774342228
24,-2.7704339707760695,4.400239879641914,541.6165026842191,-11.188778662804465,-6.877599204867537
25,-4.777782120002379,2.9951369852273384,1365.028585090221,-5.739010882721871,-5.733280011035967
26,-2.9727370830590263,1.3637959914528264,964.7232488324819,-11.381781689216767,-5.647162164262836
27,-4.94435612906273,4.73301252693523,1048.758176224613,-13.18921748679228,-5.058462731169199
28,-4.21756061771564,1.6340217370273677,606.739026574701,-6.334659907307946,-5.154136823350967
29,-3.842547247099965,1.933049668556087,1376.3199838799014,-15.49001294336037,-6.712804358303224
30,-4.098504856923648,4.607734680141002,706.4248829010937,-13.734978872422076,-6.659050409441574
31,-1.3517103866550677,2.2877539268067806,720.1809357060199,-15.088745647928093,-6.3023659673302594
32,-4.810181577554213,4.362137023174371,919.1112240952775,-13.945358514251897,-6.294063276296783
33,-4.037647700772562,3.2754574977393887,1020.5120849436536,-13.789216713576929,-6.07287905011022
34,-2.513271385627765,4.5356659444028375,1346.0809218128727,-7.737737178262583,-6.0170797099362066
35,-4.172664415408793,1.33435704620657,1478.9654215343219,-14.277741227452054,-6.237578941000349
36,-2.533336706955731,1.8942893363938982,1498.7491178715122,-4.945801694813609,-6.210674582743163
37,-2.425182927385843,3.965950509351256,590.2449493385194,-5.158431345035609,-5.290250180401819
38,-2.9364565880000546,2.5874061343491754,879.1834725348585,-12.802694109967945,-5.885948459816193
39,-2.468887659666217,2.4097094921945814,987.4836848397968,-17.420044103707202,-5.881199310007495
40,-3.956096889120253,1.509257002556666,1410.948149536258,-18.998844727080503,-5.536935494567644
41,-2.55284448598761,3.9488825442814184,1165.3366144731153,-12.45472742334238,-6.2261433903522185
42,-3.1731962804613376,3.2873149893149507,909.68269835468,-16.24696016359058,-6.5835831072434505
43,-4.861987379083555,4.892909425575368,872.4595329238343,-12.429843138504452,-6.533019268905864
44,-1.4272536789669727,4.967460420048023,747.261310835115,-14.88626606864214,-5.053966992207334
45,-1.963749351657182,4.18955950177061,748.8498201091743,-6.841056312253977,-5.792414609445531
46,-4.1248413266243125,3.0463845410235484,842.9704180545841,-5.907047020779634,-6.592728780126726
47,-3.3391155775607126,3.9221181702034738,586.8063226126587,-7.375321627744793,-5.979323810482992
48,-3.516103428103138,3.726362091959195,838.3432949412131,-16.46813764355434,-5.969635347771421
49,-1.2209658602427749,2.2431804226991705,669.942385202851,-5.19029683121863,-6.357809322149085
50,-2.880700186832049,2.049345403326681,949.7755283488755,-17.630162958411074,-5.35020811289623
51,-3.873530288816207,2.945574018521599,865.9821412291183,-10.678211391264433,-5.185713471608051
52,-4.772820315375519,4.6523190773863945,728.8285807475719,-14.709190709919572,-5.470058245738718
53,-4.2357610965854136,2.0226631702518176,1131.073332276635,-18.974783855803196,-6.652096993628205
54,-1.480657481156392,4.276565856246027,1348.199484204785,-10.873393780135244,-6.9909995423648965
55,-4.3074728393763255,4.297284556889941,618.5367944709204,-14.146057343310593,-6.503995509388674
56,-3.46952173798325,2.7925638042144962,1292.3747622936394,-19.765405827955455,-6.857137059419421
57,-1.5232616318171925,3.696518076118118,1176.6501600405074,-4.70286588581955,-5.79986736706391
58,-3.0718703350823366,1.6954473627289683,892.0827097903339,-5.539841017390128,-5.106188940903594
59,-2.1039711259286316,3.7341620911840803,821.2563735145952,-18.839134343267038,-6.061532643040058
60,-4.798651911981499,1.48385905066663,653.5032663362762,-18.570753256630145,-5.722282501936744
61,-3.724981859422945,3.216465993594514,1351.9562718016778,-9.666897203908222,-5.575332328139411
62,-1.7758296652101384,1.7995769771215644,1309.5251255097446,-13.8777139808249,-5.5825315180270065
63,-1.249090164311908,3.0658444236832603,799.4784404850831,-6.440176743782786,-6.790458218828861
64,-2.0469573801850705,3.019311201705419,1093.6393921620138,-14.863305050928748,-5.933260878643107
65,-4.366204483126298,2.0422907868669604,946.4307119910125,-13.075687431476673,-5.2446108257763795
66,-2.9100979050758413,2.26776221847103,1408.9203597545602,-17.54965027195084,-6.839871971057028
67,-4.724511766126304,2.754296850057533,1330.2337209621583,-8.909145691790858,-6.332107287051939
68,-1.3290265915620103,4.4649841931503955,1484.3284962336636,-11.426186624477674,-6.667199838100961
69,-1.9781656661552134,3.872164009648621,1398.477358261247,-9.066838776573219,-5.738765917140553
70,-3.1224243494308155,3.60031364414605,522.0636873689268,-5.072237141684589,-6.8282123387179166
71,-4.928174192476875,1.454904315708185,1074.1105020160958,-13.116562530001083,-6.825518347825467
72,-4.6724747392516885,4.311313369272321,1417.37338001022,-5.406121671320156,-6.290216405848984
73,-4.626877209461928,1.6030084154755637,1241.6120492250861,-16.728436363225686,-5.372713839628393
74,-2.4193148824791666,3.8052539742752023,545.3572686246071,-11.491753409372205,-6.029832333305896
75,-4.270701402952103,4.221755050435848,560.234179269241,-19.12098155082291,-5.17515201957153
76,-3.417510941644393,1.298812551312536,573.6292294607499,-6.906958016711293,-6.131317400246749
77,-4.828832814619405,1.651979301497596,806.2296488585176,-13.985708124224686,-6.547536841931144
78,-4.431344979361667,4.174926045222374,923.8143011562643,-5.715330977601347,-5.868888402535626
79,-3.7707821971402824,2.648476212706333,1222.6516879546539,-15.3752369749297,-5.8745062709040194
80,-4.680777876748666,1.1105641588290558,630.77507981812,-19.38614069003113,-5.004405456591847
81,-4.833100992173834,3.2536888736044687,577.4258825663637,-16.625753452693377,-5.658592118378324
82,-1.0044883086184728,3.5026915231851956,1190.4697840285655,-9.50484672405547,-5.214342809857471
83,-1.7470059507919076,2.1595233224978307,610.1976811105195,-15.828133450080275,-5.306239013297975
84,-2.199408436580542,3.9128700657702122,983.4906494560366,-11.901266111428422,-6.891062185504605
85,-2.5735736809671916,3.131758440727437,781.7415856156308,-16.73742024609325,-5.324170041321667
86,-3.3653622613692606,2.77925302202102,1051.1941817569416,-19.31760731671262,-6.431566591848107
87,-2.05874846159147,3.013957965123492,1451.733265758828,-18.712978121710673,-6.798804686081711
88,-4.327060232029228,2.768880416244575,592.908927785179,-12.488922125968344,-5.1467570414578585
89,-3.0361868203628957,2.558632232818834,1401.7512736578417,-4.331435919854824,-5.513268721633253
90,-4.880982772825397,3.1101223321029274,692.9830960194644,-12.28180375417984,-5.260257976702656
91,-4.2837070692845325,3.3207579742786137,640.3320734941478,-19.090699100079206,-6.512887832327534
92,-4.042272359788516,2.824031337267207,898.1950681088599,-13.685632435104747,-5.818891074763443
93,-1.1256064558230832,2.0031038291038907,1084.318696836436,-17.083573518425013,-5.03048110766899
94,-1.446478686925122,4.572412662363538,694.0580198030046,-5.619369315265287,-5.578349409574492
95,-2.3975228240709376,3.7094118982957176,849.2831599827688,-19.49725012545881,-5.361870959341184
96,-2.117802219938256,4.781655595900105,1367.7257400220692,-10.824991846867395,-5.446111516845257
97,-2.455708206218565,2.5998709896815417,1160.7594846686902,-7.6600409380749355,-5.6509401196510956
98,-4.370613963726954,1.0439738752903007,1370.4668606349728,-18.505689476764914,-6.023242809291466
99,-3.166331328775425,1.67599614043676,924.1879875272135,-15.944152029105894,-6.411413745604028
100,-3.935804222685517,3.752811670521906,1091.8172016800268,-10.121581860171032,-5.533538607694055
101,-4.499077970804215,4.003882769999523,1456.5663347578525,-18.683430507632476,-5.567426356365267
102,-2.4903800980865625,1.4391176320007002,1488.360740421418,-14.990472049742408,-5.912894151003212
103,-4.140586001113433,1.9434477270806525,1341.6360484500285,-4.650836657248929,-6.756413599005998
104,-1.627733846404949,1.4258286652220138,504.18747128885747,-17.745372068464164,-5.285490686805645
105,-3.2220833781611082,4.926205290523076,990.7047790436329,-16.88552386314636,-5.898933393847116
106,-2.8196002885293674,3.909887082066743,1397.1350944633346,-19.434745198199458,-6.0822672379943965
107,-1.5918561484612033,4.474404903293076,676.9481904221115,-15.179414447732498,-5.8792925179370314
108,-1.9716287934388554,2.5473393981408483,1278.4196896298567,-17.69510422934602,-5.234370266419496
109,-2.632081287529379,2.108539489200634,675.0183882034991,-14.590766569460065,-6.784466292920746
110,-2.5371547693977377,1.015684572529855,1315.9116098165637,-14.937314666835508,-6.051097730974686
111,-1.931978306046255,3.404517699697646,1275.9622624275335,-6.549848401775451,-6.930073951209461
112,-4.4782985004975355,2.745491291314165,1299.5284530031693,-8.00588037991773,-5.7830542149270245
113,-4.414343479951837,4.023602999933974,621.5056770202724,-8.494730132458914,-5.268149126136093
114,-2.7782574078726983,1.6454468693084294,1435.3370758375238,-7.248846703113374,-5.766480106943844
115,-2.367136316965438,1.3747491680628503,955.9259670368253,-4.74144519261923,-6.527978345798327
116,-2.577615307596836,2.474389398979172,1294.7904811456444,-9.476401727400052,-5.328028485817258
117,-4.55596551307841,1.7890076181837753,769.0611451628406,-7.433597450196183,-5.655855494703702
118,-4.398815518106156,4.9459566791526095,1335.2199123157225,-15.794586906834246,-5.553389188608479
119,-3.903690239803037,1.6995022862015214,930.5682591543207,-8.894246841069476,-5.355183023824494
120,-2.1218390339737785,2.321330838101872,667.8067753371145,-9.285453402442917,-5.228852580560199
121,-2.356750907977668,1.3153093446964472,913.1024743739908,-11.21678203973854,-5.773608763853939
122,-4.094700607046732,4.553903368507662,876.0020117860388,-13.385936703622615,-6.2670415211777
123,-3.348541849033444,1.552452777374596,1290.0911832408874,-4.606541235119224,-6.432037852068806
124,-3.1955457928216866,4.671051317439625,753.1775908962123,-12.76242024035133,-6.013638239215034
125,-4.538887890351555,4.634851493964646,883.3511059403818,-13.505976081075982,-6.567245841679413
126,-1.4742046544445766,1.5358460240804876,1264.8127439086231,-4.124894476467608,-6.610489919836855
127,-4.920996787503097,1.44732511182697,547.7918378702959,-5.045646241011086,-6.840541884708281
128,-4.15017847637316,4.258390282500185,1026.4154771229823,-11.545449883728471,-5.71101076065611
129,-3.1885804856863764,1.5909723045795312,1169.0933639508976,-13.893477836341965,-5.638933885379628
130,-3.7286625190073908,3.1243385464428375,736.4587441258583,-10.8860947528324,-5.523346112067083
131,-4.057474165586888,2.216338515860718,739.5736005889939,-7.208272145597162,-5.140898956732817
132,-3.0279152892186434,1.0258993936845202,1239.3167913352172,-11.798862779163862,-5.032577892007425
133,-4.978140768132655,3.865422909649146,1244.4817492942288,-8.691014468496315,-6.136337462549431
134,-1.7183969458551607,3.385723934220601,767.9518789974627,-9.93299775645173,-6.116447559303331
135,-3.755987363829202,2.9856519931484033,828.3088853706643,-19.053728113314584,-5.728577404460415
136,-2.873142023473276,1.2480481918957784,1098.1064981907373,-19.341379957095086,-5.725651832155841
137,-3.568463985978222,4.32439951288851,1031.7198031385622,-19.67189352175924,-5.705413319604209
138,-4.602985382932896,3.936038876616458,598.5034858107439,-12.64327426622237,-5.405923443414903
139,-2.1567625233129313,4.642208471775017,1407.248814913913,-7.465840207850311,-6.970517401237216
140,-2.562808257477998,2.1225013495721683,1458.300937754575,-12.380558252772513,-6.164438593451147
141,-3.051680281848642,4.398198121699682,1167.6701009011647,-17.30623765110864,-5.0184196183706185
142,-1.9254073613420961,2.429108778464026,1355.9409217515054,-16.262963486350593,-5.023934042191507
143,-4.4853126001507,4.102651668011854,1320.8668627930688,-5.137134056397063,-5.641478080277663
144,-3.7793484202945806,4.620435946801875,715.0446708246554,-18.641488284414272,-6.9238475981921805
145,-3.5971258263546906,2.668199073335238,840.4230937547975,-9.565117755135924,-6.231923410549117
146,-3.5063159212878476,4.1623032444056,1155.428967554928,-13.4709082480131,-5.4111744394766665
147,-4.7294525251229205,4.718703470170955,690.1728378778524,-10.334294830178893,-6.940461533473376
148,-2.4470549024636363,4.878194896760419,1219.6070400030753,-6.7981846316906935,-6.463702315442891
149,-2.9305416812482177,1.9234392965196752,921.6024447352225,-13.706538779004193,-6.568357984338952
150,-2.2789782672042596,1.500895126232225,1174.0482347715044,-11.08129486204249,-5.148364194898402
151,-1.9405919866254746,3.814782471827782,1318.7734131331604,-15.23507790912149,-6.754912198875082
152,-1.6670315426642697,3.512394303715911,1179.199884787543,-16.21350364459508,-6.63287117430756
153,-2.2915929421642094,1.0805061785669046,907.6161125803571,-16.60528742817982,-5.4766337288438205
154,-4.212956642629458,2.421662499380358,579.9733535169357,-12.148951450373046,-6.538000736443451
155,-3.0046863995358652,2.201355685304291,1117.4850777957733,-11.244052543656494,-6.548088936896994
156,-4.708895473752286,1.977915135776637,751.5124182513026,-13.617098244508174,-5.452572024121588
157,-3.7118817699982314,2.680759417150304,1471.1501437847355,-13.269747122971552,-6.6460831301574395
158,-4.8163315717609,2.529785792852315,805.4426433285473,-9.356189785466569,-6.0240296827691635
159,-4.023592050603705,4.629884125749445,887.685676528436,-5.945295306917261,-5.830583229899254
160,-2.0482404025905656,3.1959371541103203,1157.4425489796258,-7.985142577035358,-5.676729292577256
161,-1.8552418154910573,2.9061731689259482,915.2648730101128,-6.219054806144893,-6.557737427167878
162,-1.8654578451483492,1.9655237811608615,712.6478121807527,-15.298144651666618,-6.099302289073613
163,-3.245852228938876,4.211549697876375,1069.4690890330946,-15.900839705943909,-5.2521754113735355
164,-1.449734695647055,3.667232685942588,1403.6164999518398,-14.40012481837688,-6.926168398992972
165,-3.460153271987103,3.1817075695443706,951.0151251257015,-12.597705643879115,-6.600536211636989
166,-1.7888663033576448,2.6302241141539966,961.1730938748279,-17.597600172761158,-6.84690535203828
167,-2.611568488409653,2.738723509547224,1254.3825413860004,-12.906948969564139,-6.353836210140826
168,-1.3713486585158527,4.158548989268368,1203.2683419409918,-10.469129278142999,-5.618035082964934
169,-1.2784707230329357,3.0577528919090105,661.3141991070244,-8.31542922183767,-6.042930917640025
170,-1.1416394306073507,2.7319487430346037,800.3071505061239,-8.713667697766999,-5.365712233462439
171,-4.0803956613495265,2.169219479311365,1204.7003619802422,-4.192252092078686,-5.387989442520054
172,-1.103350462229721,1.1017573282842799,891.7771302777197,-6.649918808341459,-5.164261713849428
173,-2.3479431086544187,1.005466470908556,979.6130063150745,-16.517089498351655,-5.451154952328667
174,-2.241598565266112,4.489660772955519,1042.34099899442,-12.52049106263032,-6.192695375041037
175,-4.294953398892421,1.380761416548923,718.0133138236777,-14.105045981754571,-6.404815360830456
176,-3.6923564110739946,1.988004726589141,996.7766043410888,-13.976722648323694,-6.255346155056579
177,-2.921898201835994,3.77630863601185,700.0598674773008,-7.905543525718725,-5.506665351927537
178,-4.341317611513282,1.3216287755299363,1057.0812588404563,-18.428303145228803,-6.523595482152746
179,-4.313692344053736,3.0362893754971405,1119.637088939162,-4.277691714475225,-5.343362487919531
180,-3.4860632506538716,2.3408877483933876,1329.3392628680122,-15.395856402224645,-5.61337389086268
181,-1.8008141983570023,2.91986468341862,1138.6065298390968,-17.952835971507497,-5.491612130668895
182,-3.662731323138698,1.9501311565019424,1079.771003804627,-18.782810949454152,-5.077186236060179
183,-2.3883219161096028,2.543507170272714,717.6636951538586,-12.304579762244,-6.243689414991019
184,-1.570948492665901,2.902864406587855,1361.1605197351873,-8.777070455523814,-5.824553077247382
185,-1.457637940235546,2.118135237321395,1339.6084125427165,-13.335548619703054,-6.445492675545442
186,-2.4144828442408675,4.708206010218108,885.7275003999684,-5.266353815666841,-5.292759583093731
187,-1.6098402630898851,1.719302966796695,1172.7044715176175,-7.525696582094772,-6.705286222181834
188,-2.0768850675310886,3.747601532827172,1382.4909267281896,-18.61527318014173,-6.392213458957649
189,-3.5310358146978045,4.898949318102643,555.6077716395803,-9.596934052711577,-6.63879982945841
190,-4.918452831737625,2.5653422209156123,1466.515419741398,-18.282738962313047,-5.6077442063287215
191,-1.3172717627062611,3.9688437023728884,633.6473285493717,-12.060496866132224,-5.121410551452225
192,-1.3118070769722223,4.826476505801109,595.1143790394924,-9.631228580120684,-5.931891619958244
193,-3.396516487428614,4.910819543495391,970.5117877109426,-15.656978777669515,-6.003800583295738
194,-1.8428095668824973,3.093084475856978,789.3722284859066,-5.2969480411844,-6.110596452879708
195,-2.458688659823718,3.559731067765316,755.1677574506292,-12.341618100920005,-6.436601895529683
196,-2.758314514896035,3.1156955454206314,725.0204097432444,-18.134016743970644,-5.746456568988505
197,-4.593526934292026,4.8609388132905,1101.7308123720109,-6.042532899520085,-5.84910537102554
198,-3.2670963060832046,3.3482767698112466,1276.7745079031088,-4.015106762534531,-5.243667084211527
199,-4.35165134375798,3.2062126452540753,1285.5006506393515,-19.876785622854676,-6.2349331903770375
200,-1.9559932797929207,1.902233415610386,1302.7994282508812,-5.873337863710271,-6.744900353128771
201,-2.7900284114694847,4.131841405771389,1062.9530772453302,-11.920006419077394,-6.2157137691564
202,-2.5499130406193307,3.9799507533433256,600.2709059481799,-14.652608089384298,-6.801935651744957
203,-4.067930315408356,2.481931936587137,664.8049409932808,-11.765969024287147,-5.222886614045983
204,-1.5136795795314555,1.0364513743541401,1344.9067966064172,-6.7301555716404735,-6.8749343515191725
205,-3.788629701562321,3.3534970186384374,501.39470335947937,-8.10817822537081,-6.421499858331006
206,-3.1107095085637093,3.2638701738126197,815.8205087598154,-7.964440915817489,-6.936264642345731
207,-1.6796529125810293,2.639943466347049,564.2851677926644,-4.0873265600325865,-6.793301618427745
208,-4.5315368525209,3.1017278438215694,742.8716732440785,-7.625858427796013,-6.3753085075573726
209,-3.8101367491495477,4.437488298534685,935.4810117384768,-10.98577199536423,-6.345251417775452
210,-2.3158481438489673,2.9704047377652323,939.8507099562294,-12.574905003367293,-6.736202311872585
211,-4.4519153651997945,3.166272650335289,1236.3681789669095,-14.12041585146233,-6.034741051887584
212,-2.685479630481663,4.315771018962126,962.1655591198278,-9.723794497209946,-6.364347859390582
213,-4.459208034200774,3.2973287148505173,874.1783280120262,-17.93523906115414,-6.8161363085793125
214,-3.118679816833788,2.3623369059120467,1208.7024261085633,-11.565051820590307,-5.115693371687865
215,-3.894662245997944,2.869286991876186,784.84079877565,-4.726437611032972,-5.5940417107610125
216,-3.8272272493402193,4.124635190387297,1003.5740679396492,-13.796692380755971,-6.623903275196573
217,-1.338151691496503,4.2446650307819525,869.9576235727911,-15.27440041288243,-6.686104620958352
218,-1.0674117786465005,1.190484463693279,1054.7520814747447,-17.18872203479036,-5.95213768598149
219,-4.440287544655571,1.8352516126578013,1242.9864844459546,-11.86869654102682,-6.2837542135650155
220,-2.215618671623635,3.5742666412294484,569.8085574424462,-11.275309361232111,-5.519072634300158
221,-4.18267311071512,3.0790436533905075,567.1081562335012,-14.238329325853814,-6.466115473649037
222,-3.6088647423453497,2.8444682839476934,1460.7489251416655,-14.753557804463687,-5.699425540066489
223,-3.718042926490294,1.1789942456286953,1437.2845585266937,-18.801103066437292,-5.943451632890334
224,-2.982024620614917,1.0925421026772837,773.1079463304188,-11.130900363513652,-6.011140754010715
225,-4.422559284131035,3.8195800039663728,787.6600470938763,-14.550145302660507,-5.042630453301793
226,-2.09440153033289,1.8458101070403146,662.8624008013093,-9.180915759422675,-5.494056765240266
227,-3.3320604627908574,1.1986274862793969,636.419247518668,-19.547623459718725,-6.974424601245333
228,-4.75735393572231,1.6299345424657896,647.4549554922648,-14.267769490595068,-6.493296385864295
229,-1.3784878720554614,1.9175066147008315,866.5520833763736,-15.119467436930524,-5.717366237803784
230,-3.440103428499004,2.892231532947638,1081.2026110904872,-4.304559203112362,-6.690199361918564
231,-1.7415826265475105,3.772266025769681,929.4340312426392,-18.878665941493956,-6.916633003363011
232,-3.3259186455481258,1.811191379375423,517.0620702817388,-14.748076263189315,-6.764152762150656
233,-3.1431779232707004,1.8319317460998312,1381.7335269354858,-18.48868909639855,-5.951896322992057
234,-1.4105720281370595,3.233320397778885,730.9000391272048,-5.316118057146554,-5.096456559739485
235,-3.7602203991226584,3.4592955586737766,808.9547706602388,-8.4470744464575,-5.85674137234703
236,-1.6985560408880187,4.331200858121785,803.3779043691071,-11.945643092688037,-6.176640238938451
237,-4.187382656098812,1.063103806160951,524.3585712399404,-14.790383242880562,-6.779884302370181
238,-4.986546655194515,3.441333638932936,895.7323016402814,-9.279516146178047,-6.37668532127075
239,-2.668989828007453,4.380964087461684,520.9583064490434,-16.91078383750761,-6.153949694755481
240,-4.637699260742612,1.4099755659192976,1372.1527197435728,-19.038327568306986,-6.949885120045925
241,-2.8370918581286944,4.789436172625976,1260.2049657784673,-18.311793983424913,-5.937671287210935
242,-2.720137218370669,2.9215136921194365,854.9225215467204,-5.4207581679840295,-6.342588090064561
243,-2.7405103211840314,2.0322298184000003,670.6702992600947,-4.374817604992904,-6.159930794907245
244,-2.59607459725146,2.941921939117737,654.086415337468,-16.066097783012083,-6.454837456135693
245,-4.0740753042833635,1.8822912472733182,571.9116549668877,-15.43433027505479,-5.038732606441241
246,-2.035540170422745,4.052004702479648,1357.6126777879658,-19.211297455635822,-5.503890047051167
247,-3.1527431124255605,4.094903785551734,1147.4446996809547,-14.60276455920857,-5.56231101549472
248,-1.507924441154863,3.9336033526191976,536.1333246433239,-6.607059581498524,-5.632050771163041
249,-4.380881307067314,4.693369382834568,1231.0522393237566,-6.5257610491961024,-5.3477326481272645
250,-4.506122808664558,3.0830789131499983,684.0235814357764,-8.344704405166855,-5.5904255626114985
251,-2.1119342754483963,3.2131141964268646,1186.2080615898903,-8.830022376600317,-6.5546828657658995
252,-1.563625130029024,3.613274459130261,1227.5833034016018,-15.060312154034294,-5.102998232851932
253,-1.6581319729356405,4.226914275427717,624.7164668516389,-14.368978085749802,-6.273867577029306
254,-2.697567411063269,3.47264170393177,744.7725336851441,-10.07741125020464,-5.43531088684631
255,-1.7956155657817994,4.11914359093884,941.468739923195,-4.479727521645813,-5.061501074108657
256,-3.427664122303936,2.030468503620754,548.5397018917392,-19.965199533424236,-6.285971324001723
257,-1.7062243470211533,2.6577722656503058,1262.4916648805256,-17.88281415041268,-5.414762590989877
258,-1.5297937662198882,1.9695584415625802,1343.308711937823,-12.019260217916813,-6.679696984652295
259,-4.385498201994101,4.680895399397592,1094.4317211834468,-4.9921844763713,-5.381330557499058
260,-1.5503739959050846,3.566062420470963,1306.4415256869925,-15.637911389395837,-6.692551033337622
261,-4.303607835252059,1.8776276745328297,539.2142894094721,-16.030721185838342,-5.200883601376845
262,-1.5412962081641348,3.643430437134626,681.5042520406121,-16.18166638256993,-6.319955757974486
263,-3.8805820292496653,3.451473937471525,1137.242692145156,-13.299021389153275,-6.3912304548322165
264,-1.885990078972374,3.0540807708928046,562.2248143369583,-6.3505543012210826,-6.458557582877278
265,-2.8898798299677133,3.6864349061573143,1029.8097283899208,-15.137719089277056,-6.107148133955196
266,-4.522323406551441,2.9830521369164864,1124.84489856233,-8.525010295230853,-6.543819878363413
267,-2.689155608448655,4.194898708097745,1441.5997822748939,-11.646126873146898,-5.690964387600022
268,-2.163033104062332,3.3433981491475624,916.0502756742833,-7.877363234623116,-6.807351519232498
269,-1.9009407874654785,3.7182652685382522,1151.29417879217,-7.265342949464868,-5.997330796665374
270,-2.7159344906842224,3.629040351781669,639.5618712078067,-10.946785133777112,-6.483892269070456
271,-1.0432598486444977,3.2286692901129306,823.8108052160379,-6.189503411493531,-6.854471034786432
272,-1.7355741727212153,3.1482697541167397,1497.4088501591652,-18.258139967755383,-5.806423287354073
273,-4.403221310920124,3.8876249226382074,1010.1937422938466,-8.83989190954825,-6.605779606968894
274,-3.2738541711054427,2.8742927044527784,836.2617106197347,-13.549844211900773,-6.1344088374358465
275,-1.281723864004098,1.741705647224963,1304.3725121441048,-19.84710800020644,-6.979880817419788
276,-1.5945213353423169,4.678615657681524,944.1710368239816,-16.56439581085329,-5.012722511781428
277,-3.7495336930477334,2.9591317634185152,550.9343310103247,-18.37441796039152,-5.672801806070211
278,-1.2650095551632772,4.424919580753416,1214.8799825660244,-10.390572797953421,-6.709302938141882
279,-3.229920214390288,1.2012116325726399,871.8100355642923,-9.343376404188058,-5.499710756853828
280,-3.9804095572146387,3.464289688922485,656.6694757961661,-18.07957706795402,-6.382052711661709
281,-3.0168900319764207,3.6915639075438005,1429.676596878003,-6.941074367690181,-6.80921088479276
282,-4.959436855298349,2.318135417332157,1229.689206211598,-17.219731330408596,-6.63136235046933
283,-2.0131275467583185,1.1613919460167896,779.2469800034213,-4.143134619108494,-5.92415629977306
284,-2.2564548230859387,4.721701589079208,1359.3475547394369,-7.037398100181948,-5.847428218670593
285,-3.214811435767552,3.312921718886828,1487.271078117988,-8.253445084223006,-5.631746746459182
286,-4.750657531678375,1.5372624278432006,903.2772718978699,-12.191514632691286,-6.598271959285302
287,-3.9870707326285535,2.8534202046770183,575.3039827590853,-13.663205085118953,-6.70167810184052
288,-2.302177777887903,4.388631661968391,1448.5106691165442,-11.677061246345248,-5.960385733988634
289,-3.949228846017615,1.1361082585450426,1425.9444632062268,-19.39813968998022,-5.070513995132439
290,-3.6758248052072484,2.1009078422540464,508.4509804883081,-5.820349808071642,-5.714494606254537
291,-2.749736194527618,1.3895659627158756,727.7145752907593,-17.76016084969641,-5.623984083445085
292,-1.3905456966645011,2.382032766908069,1469.2207396630356,-9.114415300281888,-6.999326193908305
293,-4.162039330555685,1.1687317932336154,1087.6416051164874,-5.45998296228821,-5.051788283983824
294,-1.0948721125013692,1.8192048002242887,1492.699019562619,-9.202075316190433,-6.259901875340198
295,-3.9156106392075345,1.0670369697992137,1464.4955155889593,-4.502954855022127,-6.641490006355204
296,-3.8058545044474927,3.6519886188877395,1047.3740129159737,-8.376638375050609,-6.401677984239219
297,-3.3160457937880894,3.836600384926359,888.5891324958726,-12.996157588627344,-5.695568303522821
298,-4.938116730815842,3.0244987006158714,859.3691949721755,-12.933173279288972,-5.1086563677305685
299,-1.3247611616585737,4.952216043841051,1352.745219782162,-19.92879022435974,-6.674647922760448
300,-3.043604981935543,1.76478808829375,733.392678781947,-5.515771564914088,-6.1458716589971445
301,-4.653581179821751,1.568145217445477,783.3051489872217,-14.439614481223249,-5.812202895327513
302,-3.2035221986104645,2.2994048213175473,1145.3793226962916,-4.5525487885927305,-5.139399520059102
303,-4.891842121280259,2.3316099630635714,999.2903091895207,-17.275834312105125,-5.99175596314142
304,-1.9086513187119176,3.903710612053739,1413.677779935674,-9.810030413084734,-5.323631931025185
305,-4.870723551447235,2.2925096681269963,1273.9711177065574,-5.6699970014214625,-5.466818555897568
306,-1.6059573340371278,2.400513471217785,974.3187736337833,-16.292330443499438,-6.478755110794034
307,-2.145639106955847,4.943254059219393,942.5135845960434,-12.100069066742343,-5.598393273786996
308,-1.0317206746615772,1.2405830679085728,900.833641390213,-4.188332944905762,-5.258482557203234
309,-1.2974963517509308,2.091095853301101,1248.0881145794015,-10.507780409371131,-5.395499790779302
310,-2.3341878970293126,2.4883030192141464,1170.2576489857065,-9.956175909445342,-6.250139385046826
311,-4.356700052896724,3.3309826033355545,1127.4127159047894,-10.411001089493022,-6.763186829548508
312,-4.027456649682333,1.4794793003118238,1032.5561866785433,-11.355155009776496,-5.463660970196177
313,-1.058644259150482,2.6791720929762466,1004.5339442007632,-7.158210435080134,-6.748026025718852
314,-3.616593338404054,1.3080260782649111,711.6321819863938,-12.991560685317765,-6.1969061396426985
315,-2.7322713129970935,1.659292049765696,1110.2370604133835,-11.142676410216705,-6.967434378153638
316,-3.559554507987284,3.639556445078241,1220.6521413025757,-4.527694703780353,-5.3333899194828085
317,-1.6950632772752896,1.2939665666256928,1445.9994893701876,-17.831912283852017,-5.4229737402930205
318,-2.5113163620259473,3.410771864690047,531.6511727129707,-7.124713749858309,-6.499263147616605
319,-3.294594456880676,2.965294419739304,761.0759937718537,-9.384439297142347,-6.174583474363719
320,-4.740496453196852,2.5737743801992843,1453.534710808112,-10.301692742167846,-6.441123335512736
321,-4.668494843398412,2.4604268919533627,1250.7833057952535,-6.001015154707037,-5.081463383191482
322,-1.1712057076786615,4.813678359959141,1108.8316183598445,-6.4173779485304525,-6.470019743546332
323,-2.0022649299162456,2.3548922417616085,1073.3297417841043,-7.002216365204713,-5.785895485306804
324,-4.1599450496766055,1.235226237737525,777.6074938781373,-9.018506685979803,-6.298654394638893
325,-3.6805406464501518,3.7990171625443354,1257.5458953154746,-8.94001290683816,-6.612218721037658
326,-3.5654873890325165,4.659908264809655,756.110945655366,-18.744580147621413,-5.480804926299093
327,-2.656428970537283,3.378484402209703,1234.6997302138818,-7.599559470819395,-6.278803971172211
328,-2.840634331481108,4.696670509160667,774.8733346224598,-12.68073418518493,-5.809337695579944
329,-2.62474885989623,4.585872476759061,831.294465945915,-19.981318636295057,-5.900511474113065
330,-3.4016604817559375,3.889334373131612,1362.0279888603986,-15.553903999334432,-6.885332389125763
331,-2.2351539408992815,2.5812409203909157,952.5109778885751,-12.394706014005404,-6.038489484342552
332,-3.0955613824390125,2.1614194188225984,1183.926938434542,-13.50132341947861,-5.625334922228379
333,-4.846311422217524,4.1812829149659425,648.4548126471497,-8.163946693270566,-6.510882469055521
334,-3.538726670796967,1.582605250862796,832.7391856983238,-10.35836930872055,-6.044394639136633
335,-1.4646711115314468,2.8369881916414217,702.8741394427987,-19.295088380474,-6.94550828974544
336,-2.9575260763208355,1.5124751044908242,904.4787608038263,-9.999684721351844,-5.28309516742387
337,-1.2885625117792192,2.068581737564542,816.9868594490516,-9.748490769331857,-5.4179064566097335
338,-3.495369803767624,2.788162117797373,1384.6020874484898,-17.644280785013372,-6.734824679240517
339,-2.138380239269437,1.6810278164341503,1482.6807001553527,-7.755121062317556,-5.314682683608772
340,-2.6524151587855926,4.106828610226245,556.8458858411651,-16.660267505377757,-5.611656684878632
341,-4.116784615126553,2.8201704444210565,1148.1796478051956,-14.018978903640024,-5.584344444728577
342,-2.853102017789723,3.5119024790050783,795.0172747636315,-5.835630795844487,-6.148526443971725
343,-2.8620839306256833,2.13807305897494,1113.4967945171277,-18.204187602557806,-5.983227556665644
344,-1.2412210044599843,4.04218358077531,911.3303303535199,-16.998661097241648,-6.261978665399336
345,-3.911797419252449,4.520718822630043,1233.4506012722647,-12.084866225871405,-6.169909503409489
346,-1.6870963075362138,2.0630536104351167,1286.1172497543453,-14.35559234151348,-5.510455398384798
347,-3.8489408384570467,3.8261169522137757,852.4841168597108,-6.265101220023926,-6.901913817916044
348,-3.524283619138761,2.7251226272803044,1391.434682401025,-5.768675129589251,-5.755243293582094
349,-2.9161100389748547,4.348192857394761,1322.6499019147132,-15.734680097443725,-6.90735340768435
350,-1.2622674531051676,3.4317131999690704,1420.0011570441088,-13.590343893959778,-5.945977446149474
351,-4.111441727906312,4.413808998550106,1006.9501327084866,-11.597098078010603,-6.995507675513526
352,-1.984608197670315,1.3990694400294812,679.6699691481086,-10.707658235642407,-5.000591487832681
353,-3.2842592808644153,3.5492345394657163,1038.6929402334058,-4.414166569511465,-5.972154737498528
354,-3.302229399968536,4.752339188498873,559.5103818496553,-9.43292071701619,-6.590569133638111
355,-4.657113796907531,1.352781227284156,735.2017733185533,-14.056138020460953,-5.4018585344154495
356,-1.8620704570784956,4.803983977726185,1439.696549810717,-8.21479830868066,-5.839410642188482
357,-2.170793830790091,3.0029067773337834,846.254614176863,-8.40628319235376,-5.906925292286297
358,-3.449047410549502,3.491097476349595,835.515757929071,-14.474393535827971,-5.299110086598663
359,-4.489339541892622,1.5453577558354477,1023.1265642854048,-17.399762010438145,-6.882276871622032
360,-4.619614814545232,4.265573164707444,1065.663558340565,-10.73965888918316,-5.556278481830938
361,-2.270512096607288,3.138712296846928,1071.6057138827373,-7.846190838229157,-5.7035991118559215
362,-3.084250507007239,2.2786091641352595,1270.2086237064532,-18.46345066915506,-6.327627779325883
363,-1.5572851694998735,2.7000881923670454,1216.4354507379846,-12.790870083552745,-5.487245308073376
364,-2.8024875759790744,2.239849869023063,686.4567464738407,-7.7902343628941555,-6.217048387311607
365,-1.187750054100852,2.450893370872957,583.3678937843058,-16.788648665336318,-6.07122273004175
366,-4.551555388703836,2.8598349440185675,1123.8954234724415,-9.830600041830754,-5.438018530681166
367,-2.647272830225628,2.2576914455938275,635.0746798256803,-4.034111624426666,-6.417519581666209
368,-2.831392207123023,4.422432384933149,762.1033333647604,-8.59646859975065,-5.1247877008224005
369,-3.056692601909649,1.7448842658491812,932.4106938730002,-19.646520020680036,-5.441502254233929
370,-3.669454404690682,4.987115231371726,514.6814389095322,-9.787165466401678,-6.361636250151118
371,-4.612506995693233,1.1542790057192467,1379.17721395748,-8.645081229011108,-6.487669541642321
372,-2.7055996596877327,3.6582494554033897,644.2241849615966,-19.156624121602498,-6.627964007839706
373,-2.3376589166633504,2.4682682915371075,1433.0326495501395,-17.04116379089716,-6.33966526365144
374,-1.623394604695279,3.5820571717414635,980.0119067786015,-17.337229434707524,-6.180990623162528
375,-1.75739123809492,3.8523337607513928,683.3737550114106,-13.055736053073165,-5.600246817815084
376,-1.9440039749180813,1.999181106216668,796.9081944238956,-19.174922341874968,-5.072701311768447
377,-1.80973339984544,3.679242852530667,956.9702309230223,-17.12666547892783,-6.056074442790243
378,-4.5613044857712675,2.610963593591629,988.9015221250743,-14.513899246773045,-5.776033735120427
379,-1.8349652243940455,4.343367486045624,1184.4388514423058,-18.89571177454405,-5.475764623758337
380,-3.25921227929545,2.8076415961238883,1490.3330026320455,-17.898832208607313,-5.086697774143252
381,-4.975513682996529,4.02518323149865,1193.9164292181144,-9.911976794237741,-6.528814272074558
382,-4.850303173529674,4.293675382116277,860.0597055024491,-15.865003188989338,-5.047526891133392
383,-1.5012053704738966,1.416666685394695,651.3723288892521,-18.917582572873798,-6.773002123757601
384,-3.7972367670215705,3.596290113043408,1426.5823275382195,-9.123831994494914,-5.239683410004687
385,-1.2034021142716331,3.861219297910122,708.8306160046466,-10.93552284094674,-6.768174318113359
386,-3.3095310065866257,4.6151214327510734,1246.3495587020393,-6.969696797716967,-6.867577137456114
387,-3.821418058220311,4.743624037206862,844.9688294200738,-17.498117444040986,-6.78305854791067
388,-1.176515528710548,2.8094683724847958,584.0272440573405,-8.638897757222669,-6.959013306689862
389,-4.6467743776663495,3.365841626464503,1395.9465884298688,-7.568444155223146,-6.329130438273619
390,-1.9975521221328796,3.3926049932843663,1097.4975598468316,-15.520021315051236,-6.719705251457836
391,-1.821931908853795,4.794041705109513,927.4528622749884,-10.568184792099123,-6.743114640009456
392,-4.246868378448556,4.463154548547843,1082.9046053308143,-10.038606464075468,-5.130245725048107
393,-4.332908038597593,3.310781665790469,1253.2521000229647,-17.51662347136995,-5.5514043102744495
394,-2.6237161687430457,2.9306547785056414,1036.2077925208935,-19.601147006445533,-6.820793472869535
395,-4.572360290057202,1.7589852798374275,1404.8279215254288,-5.962643531729784,-5.456790647608565
396,-3.4108222548718925,1.7119554232982774,857.122259243429,-4.874163022080229,-6.368992556340651
397,-3.0141097137176835,2.3491291986741145,589.7461364821863,-17.453604361697177,-5.171778603415618
398,-1.1998017866736008,1.2318017798367273,1494.8083881418247,-10.595296277022623,-5.116356902787855
399,-1.3986584841850007,2.719714574152113,825.3097362506196,-10.803484275919365,-5.211481852438779
400,-3.7026489851356796,2.5162589033421927,937.8313901086981,-7.420443649578214,-6.114527065493062
401,-4.76708834387054,3.5917277616559247,790.837398675585,-19.242271084544562,-6.68116643043181
402,-1.4348162211789788,2.2284297850468207,977.7429219881733,-12.635867174627283,-6.386565040921959
403,-2.4816932446271207,4.448279191876362,994.8221080403086,-17.716072682330374,-6.812897992611507
404,-1.2330057380406698,3.4165625093048777,659.4090631818902,-8.137864685541944,-6.306152663149578
405,-1.7779412572520985,2.6237103611028827,533.2433944212966,-7.321755622465961,-6.396538306830223
406,-2.6789261144965177,1.1318972901611986,764.5961606533735,-11.71853909904906,-6.472487058296408
407,-3.6340904246853474,4.596742786372731,1301.3409220624317,-17.178178545924762,-5.890661964665872
408,-4.198286986702207,3.5255257738260553,1061.7127281779776,-4.9230082110822195,-5.546274571642085
409,-2.4748071015566797,2.176980701476534,896.8494105921634,-10.181749969779828,-5.397148959304564
410,-2.8979497263000744,4.0855703532589995,1016.2473207068141,-6.873572786384782,-6.661556261056675
411,-4.803064831649873,1.1503430469199123,850.9284074024054,-15.338465008747974,-6.58694818827957
412,-1.8319270464101964,4.008126835547971,1454.702273746016,-14.659783043936034,-6.0791646347693025
413,-4.964239981391533,3.740394406635689,1104.5039009787497,-12.200093712600784,-6.093005275496772
414,-2.191252779893558,1.2586202835700406,1114.7370217941789,-19.797374876025547,-5.756949552999572
415,-3.859330692614356,4.068367708455558,543.4519617553802,-18.539088047828397,-5.76327113229972
416,-2.4343791170293643,2.7651829730429367,643.0408538168764,-15.035987247241993,-6.12185668377294
417,-3.9635804998044772,2.184604785412323,1447.705628941679,-11.983697036937443,-6.184997825838994
418,-3.942653439213639,2.198956352443026,1332.7956095850627,-7.683397396573037,-6.087994435890616
419,-1.1138152403076598,2.1329771926858276,967.2898164181818,-16.49968162457832,-5.864731655209525
420,-4.259255614882427,3.7874104412084253,792.0594550700691,-6.09967929064536,-6.313684469112342
421,-1.6375205071834498,1.4663908098991993,1259.6137445894044,-6.7580388254275725,-6.57519938956179
422,-4.230572408712049,2.1508034609640574,1103.304269315298,-14.95841513107376,-5.83357551335014
423,-2.3794599669852516,2.073722591841731,519.5596318508483,-13.836640498646798,-5.337466432069136
424,-3.644981863291162,2.08184625255078,1198.5351888658731,-7.177313380977246,-5.090982359655154
425,-3.4991116644846163,1.9525900747962293,1133.6873811037985,-6.710834109597007,-6.006973510475763
426,-2.0250610508045757,1.124715155609933,1141.6101267369713,-18.234375852769134,-5.377159366386657
427,-1.0220883643437864,2.2496213237939156,1034.3979425286457,-16.93651619279226,-5.389783744836197
428,-2.8118569653353696,4.771284927485251,759.814440954792,-6.491181007850292,-6.491571996582103
429,-4.514040794389191,1.6140585885562486,612.9410850137538,-9.858997191638565,-6.517566391074911
430,-1.355580939968033,4.0768780409053775,1463.786060865266,-4.966789558327491,-6.6985642319794145
431,-1.7220448332675127,4.148831318577777,1025.802734527823,-4.437730867953668,-5.160932233386039
432,-2.2509563852320373,3.1757344775136658,1088.3224159379547,-14.307294668418542,-5.994281849054133
433,-4.054065603053438,2.446046773130003,1196.1001753328505,-13.436902077224628,-5.842575571907341
434,-1.0767123311244298,1.7215335670399803,993.6205400544098,-8.080781997943081,-6.729344775711307
435,-3.1281991644232665,2.7069461759949176,596.4726190872425,-8.987691130813078,-5.892666580956477
436,-4.002800682695881,1.2766910861168568,673.5825821692363,-13.183011399041327,-6.308777373515597
437,-3.8693419775671667,1.3461341184218545,813.9954915972991,-8.743223626803882,-6.088806403695176
438,-2.216119483448884,3.2406965716273266,1106.5279424143873,-16.69791475384059,-6.935363982722609
439,-1.1104651375870724,1.4065543756462113,1194.7831235020594,-10.780252172945909,-5.855371719565122
440,-3.6253445610640664,4.444998303798015,1430.5317318398754,-19.836529524481648,-5.425779896320984
441,-3.478598794158187,4.931933705908801,985.9332569506711,-11.8305892385323,-5.308588414166474
442,-1.0158393319702221,4.816875834870239,1368.0049267280986,-16.835327090120952,-6.9080721981936675
443,-4.87220057880199,4.28283279231238,705.9104369108695,-12.870969740372505,-5.6614612853172455
444,-3.9758347762535786,1.4890846173600993,503.83125934700973,-15.9041571505389,-5.3560616959739855
445,-2.9612925438749103,2.013273032477114,1283.2657542990057,-18.365334520501374,-6.065542210022537
446,-2.989744680560783,1.5279514519426698,1419.302090091839,-9.228748806645259,-5.768535980539297
447,-2.796993431864281,3.4815200433453177,1317.9213707462718,-12.229327804950048,-6.055277377099738
448,-1.4187294569440625,3.5394630763519186,615.4515401671744,-17.359805420305342,-5.134076378553542
449,-3.233978460796873,2.5101941796633667,1142.943991299821,-4.8563841983547,-6.200652954615115
450,-1.0526170035298548,1.8045553634712515,1044.447866811982,-6.291437469188805,-5.742087178632483
451,-1.8920526019157005,1.9068898223444688,1041.408840018225,-15.69543852627125,-5.301512841388513
452,-3.0794697628886207,4.5056168743668605,1480.7834346309403,-15.587318135706479,-6.268156283250961
453,-2.129615738474532,1.266020945869878,528.7762276612821,-11.476029315033935,-6.141983398245279
454,-3.2498221770437654,1.5966729610944608,553.4640645274517,-7.358214405637408,-6.102908395160014
455,-2.760639414228276,1.053704401097822,689.5777867011202,-16.133682901708536,-6.725910954947985
456,-1.5781231518267305,2.6911432593954565,512.5394429604912,-19.69229811363627,-5.908040018102901
457,-2.282120861015254,1.622113638503822,1224.1560190413386,-16.327400916132113,-6.204815540161981
458,-2.2074764129188162,2.3752644137927774,1210.935938456712,-13.241967165339151,-5.958142841025141
459,-4.698927568163474,4.539238306170526,1158.2716662509042,-9.042539542416929,-5.680977827397481
460,-2.6069714402634934,4.143945986987765,1313.9447878504427,-17.815552937926196,-6.851404470435186
461,-2.017143333635121,1.2817845394309948,1414.2019321058517,-11.69844664905813,-6.413728588107336
462,-4.9921536797053685,4.485428824573118,622.302901611879,-5.597209232012473,-6.83291182539964
463,-2.500033668960649,4.887778140267862,1389.467730779446,-8.45059602015273,-5.025316688498619
464,-3.547093792304554,4.8441693841179525,1129.0981979337996,-10.25081774848754,-6.577556352079648
465,-4.585080587651761,4.238785137803986,827.4855900779414,-16.436823036691045,-5.227735566755144
466,-3.390089223228693,3.3716899255922965,1474.5785255506553,-7.067465443386345,-5.370310370273404
467,-4.9039904036880415,4.25369664709903,603.4543521102647,-10.448655805796076,-5.665033391489989
468,-3.653771181840514,2.645865640144083,1077.457038926962,-13.36227744160114,-5.205298204687777
469,-2.944260976381556,4.5022684570053215,1336.1815413789805,-19.482013246180706,-5.919313505447941
470,-2.8714364047908347,4.0599562477004625,1000.9101852280511,-9.446810018138473,-5.198879443918592
471,-3.83819409357599,4.9770665092925945,862.125977428073,-5.2298801861588835,-6.188380642487427
472,-2.309373641892503,1.3392653773003353,1297.1479532865894,-16.043879332758117,-5.965614279659897
473,-3.5814309271440314,1.857384485321778,959.2578800151122,-18.01216165685213,-6.962364945545513
474,-4.20106868364266,4.369015511336395,1200.5709094362064,-6.069751088770564,-6.124937864977182
475,-4.439192778550558,1.2150557288570032,880.7612058962272,-14.839727284679674,-5.190612692952035
476,-1.6453619272690947,1.022737353087961,628.0892588264089,-15.745743247402352,-5.570530121000262
477,-2.374001455079532,1.6681806857188122,972.8075108427371,-19.72588252200579,-6.247199960121969
478,-1.0845121871877494,1.7744260729088908,819.2706527724711,-10.549047707071603,-5.525256135658204
479,-2.5843078367777985,4.999758309543139,699.5117017744891,-7.074522756870044,-6.671909313046002
480,-1.226355721581148,4.760883521528948,1281.3708043802994,-10.103600557298241,-6.426951412705917
481,-4.014218724142405,3.15647599815264,1268.819826662355,-16.119246130913577,-6.449621189489177
482,-2.9941929333984603,4.515243339135823,697.5665691004777,-17.110541648819748,-5.278721350433757
483,-1.7639047026179973,2.3869459803424213,627.1661030588964,-5.109007789241913,-6.221457304850651
484,-3.925747548965166,4.8529025821799365,609.9639848901779,-5.503485713507969,-5.0644859383468
485,-4.279020650988883,2.8863746816753437,1472.961650070901,-5.652374360375857,-6.561940860830598
486,-3.151355671768947,4.917340057820642,1181.3554030235732,-6.39338445287653,-6.894832409698665
487,-4.909927297090605,1.8490072459129847,534.606123550779,-19.5773190872425,-5.822072553219415
488,-3.359837175206784,3.4389789925641607,1289.7481183615205,-8.547473918218726,-6.861052561985009
489,-3.4390890457182772,1.563011259508327,1375.1539855990422,-12.855941047505064,-6.95512603314474
490,-1.1656226912548764,3.2661937413386712,810.1800694932081,-15.990018407985199,-5.751138555175515
491,-4.132028634246742,3.618318234449728,1052.7359769744885,-11.41729295052704,-5.009586102531096
492,-1.6519089289072544,4.549400875102577,1121.8988400296244,-4.233477656483661,-5.802530326329819
493,-1.15588112112522,1.7291749691877665,770.2575494360183,-15.478387761845383,-5.26407264085679
494,-1.0320131331037308,4.355050775536858,1013.8106018793497,-4.831975820602333,-5.1762019805312836
495,-3.9933495634886844,2.5034907825184662,1163.8980048076003,-7.490355280563707,-5.985431413662141
496,-3.1004317958141687,2.436562154569093,1392.562206764826,-15.210127324419286,-5.922271480587746
497,-4.254077853874799,3.7647970091963137,1059.049604648159,-6.171597056883183,-5.21909704957945
498,-3.585987605477786,3.8473116096653346,1153.570282793975,-5.348918155963489,-5.316428521184627
499,-1.367762568225611,4.972695123093017,723.4495478504035,-14.183169390778254,-6.981613006183798
